<xml>
  <instance name="ZombieLower_Sprite" index="3" posX="0" posY="0" anchorX="-23.4" anchorY="-71.6" width="37" height="9"/>
  <instance name="ZombieRise_Sprite" index="1" posX="38" posY="0" anchorX="-23.4" anchorY="-71.6" width="37" height="9"/>
  <instance name="ShurikenProjectile_Sprite" index="0" posX="76" posY="0" anchorX="10.65" anchorY="10.65" width="21" height="21"/>
  <instance name="FireProjectile_Sprite" index="0" posX="98" posY="0" anchorX="10.65" anchorY="10.65" width="21" height="21"/>
  <instance name="BowlingBall_Sprite" index="0" posX="120" posY="0" anchorX="12.2" anchorY="12.2" width="24" height="24"/>
  <instance name="EyeballPupil_Sprite" index="0" posX="145" posY="0" anchorX="12" anchorY="12" width="24" height="24"/>
  <instance name="ZombieLower_Sprite" index="2" posX="170" posY="0" anchorX="-16" anchorY="-59.6" width="52" height="21"/>
  <instance name="ZombieRise_Sprite" index="2" posX="223" posY="0" anchorX="-16" anchorY="-59.6" width="52" height="21"/>
  <instance name="NinjaLog_Sprite" index="7" posX="276" posY="0" anchorX="22.65" anchorY="13.05" width="34" height="37"/>
  <instance name="NinjaLog_Sprite" index="8" posX="311" posY="0" anchorX="22.65" anchorY="7" width="34" height="37"/>
  <instance name="NinjaLog_Sprite" index="9" posX="346" posY="0" anchorX="22.65" anchorY="7" width="34" height="37"/>
  <instance name="NinjaLog_Sprite" index="10" posX="381" posY="0" anchorX="22.65" anchorY="7" width="34" height="37"/>
  <instance name="NinjaLog_Sprite" index="11" posX="416" posY="0" anchorX="22.65" anchorY="7" width="34" height="37"/>
  <instance name="NinjaLog_Sprite" index="12" posX="451" posY="0" anchorX="22.65" anchorY="7" width="34" height="37"/>
  <instance name="NinjaLog_Sprite" index="13" posX="486" posY="0" anchorX="22.65" anchorY="7" width="34" height="37"/>
  <instance name="NinjaLog_Sprite" index="6" posX="521" posY="0" anchorX="23.25" anchorY="18.9" width="35" height="37"/>
  <instance name="SpearProjectile_Sprite" index="0" posX="557" posY="0" anchorX="50" anchorY="8.2" width="100" height="16"/>
  <instance name="EagleFly_Sprite" index="2" posX="658" posY="0" anchorX="32" anchorY="10" width="72" height="40"/>
  <instance name="Eyeball_Sprite" index="0" posX="731" posY="0" anchorX="27.6" anchorY="27.6" width="55" height="55"/>
  <instance name="NinjaAttack_Sprite" index="0" posX="787" posY="0" anchorX="22.4" anchorY="34.6" width="44" height="69"/>
  <instance name="NinjaLog_Sprite" index="4" posX="832" posY="0" anchorX="43.65" anchorY="19.450000000000003" width="83" height="38"/>
  <instance name="NinjaLog_Sprite" index="5" posX="916" posY="0" anchorX="47.05" anchorY="18.9" width="90" height="37"/>
  <instance name="ZombieWalk_Sprite" index="0" posX="0" posY="10" anchorX="24.4" anchorY="34.6" width="49" height="69"/>
  <instance name="ZombieWalk_Sprite" index="1" posX="50" posY="22" anchorX="24.4" anchorY="34.6" width="49" height="69"/>
  <instance name="NinjaWalk_Sprite" index="0" posX="100" posY="25" anchorX="24.4" anchorY="34.6" width="49" height="69"/>
  <instance name="NinjaWalk_Sprite" index="1" posX="150" posY="25" anchorX="24.4" anchorY="34.6" width="49" height="69"/>
  <instance name="NinjaThrow_Sprite" index="0" posX="200" posY="22" anchorX="24.4" anchorY="34.6" width="49" height="69"/>
  <instance name="ZombieLower_Sprite" index="4" posX="250" posY="38" anchorX="-23.4" anchorY="-10.6" width="49" height="70"/>
  <instance name="ZombieRise_Sprite" index="0" posX="300" posY="38" anchorX="-23.4" anchorY="-10.6" width="49" height="70"/>
  <instance name="SkeletonWalk_Sprite" index="1" posX="350" posY="38" anchorX="24.4" anchorY="34.8" width="49" height="73"/>
  <instance name="SkeletonProjectile_Sprite" index="0" posX="400" posY="38" anchorX="23.85" anchorY="38.3" width="48" height="76"/>
  <instance name="SkeletonProjectile_Sprite" index="1" posX="449" posY="38" anchorX="23.85" anchorY="38.3" width="48" height="76"/>
  <instance name="SkeletonProjectile_Sprite" index="2" posX="498" posY="38" anchorX="23.85" anchorY="38.3" width="48" height="76"/>
  <instance name="Bee_Sprite" index="0" posX="547" posY="38" anchorX="0.6" anchorY="0.6" width="61" height="60"/>
  <instance name="Bee_Sprite" index="1" posX="609" posY="41" anchorX="0.6" anchorY="0.6" width="61" height="60"/>
  <instance name="Bee_Sprite" index="2" posX="671" posY="56" anchorX="0.6" anchorY="0.6" width="61" height="60"/>
  <instance name="SkeletonWalk_Sprite" index="0" posX="733" posY="56" anchorX="24.4" anchorY="38.8" width="49" height="77"/>
  <instance name="NinjaSmoke_Sprite" index="4" posX="783" posY="70" anchorX="20.4" anchorY="36.45" width="60" height="63"/>
  <instance name="EagleFly_Sprite" index="1" posX="844" posY="39" anchorX="40" anchorY="18" width="80" height="48"/>
  <instance name="EagleFly_Sprite" index="3" posX="925" posY="38" anchorX="40" anchorY="18" width="80" height="48"/>
  <instance name="ZombieLower_Sprite" index="0" posX="0" posY="92" anchorX="-16" anchorY="-11.6" width="56" height="69"/>
  <instance name="ZombieRise_Sprite" index="4" posX="57" posY="95" anchorX="-16" anchorY="-11.6" width="56" height="69"/>
  <instance name="NinjaSmoke_Sprite" index="3" posX="114" posY="95" anchorX="25.3" anchorY="36.65" width="62" height="64"/>
  <instance name="BallAndChain_Sprite" index="0" posX="177" posY="95" anchorX="24.4" anchorY="40.8" width="49" height="81"/>
  <instance name="BallAndChain_Sprite" index="1" posX="227" posY="109" anchorX="24.4" anchorY="40.8" width="49" height="81"/>
  <instance name="NinjaThrow_Sprite" index="1" posX="277" posY="109" anchorX="24.4" anchorY="34.6" width="60" height="69"/>
  <instance name="NinjaSmoke_Sprite" index="2" posX="338" posY="115" anchorX="30.05" anchorY="36.65" width="64" height="65"/>
  <instance name="SkeletonProjectile_Sprite" index="3" posX="403" posY="115" anchorX="23.85" anchorY="38.3" width="55" height="76"/>
  <instance name="Wolf_Sprite" index="0" posX="459" posY="115" anchorX="30" anchorY="36.8" width="60" height="73"/>
  <instance name="ZombieLower_Sprite" index="1" posX="520" posY="115" anchorX="-4" anchorY="-19.6" width="72" height="61"/>
  <instance name="ZombieRise_Sprite" index="3" posX="593" posY="102" anchorX="-4" anchorY="-19.6" width="72" height="61"/>
  <instance name="NinjaSmoke_Sprite" index="1" posX="666" posY="117" anchorX="34.95" anchorY="36.85" width="66" height="67"/>
  <instance name="NinjaLog_Sprite" index="1" posX="733" posY="134" anchorX="34.95" anchorY="36.85" width="66" height="67"/>
  <instance name="BlobWalk_Sprite" index="5" posX="800" posY="134" anchorX="44" anchorY="23.45" width="88" height="52"/>
  <instance name="NinjaLog_Sprite" index="2" posX="889" posY="88" anchorX="37.4" anchorY="36.65" width="71" height="65"/>
  <instance name="BlobWalk_Sprite" index="0" posX="0" posY="165" anchorX="40.8" anchorY="28.45" width="81" height="57"/>
  <instance name="BlobWalk_Sprite" index="4" posX="82" posY="165" anchorX="40.8" anchorY="28.45" width="81" height="57"/>
  <instance name="NinjaSmoke_Sprite" index="0" posX="164" posY="191" anchorX="39.65" anchorY="36.85" width="68" height="68"/>
  <instance name="NinjaLog_Sprite" index="0" posX="233" posY="191" anchorX="39.65" anchorY="36.85" width="68" height="68"/>
  <instance name="EagleFly_Sprite" index="0" posX="302" posY="181" anchorX="40" anchorY="30" width="80" height="60"/>
  <instance name="NinjaLog_Sprite" index="3" posX="383" posY="192" anchorX="40.6" anchorY="36.65" width="77" height="64"/>
  <instance name="Wolf_Sprite" index="1" posX="461" posY="189" anchorX="48" anchorY="27.799999999999997" width="92" height="64"/>
  <instance name="BlobWalk_Sprite" index="1" posX="554" posY="177" anchorX="40.8" anchorY="46.65" width="81" height="75"/>
  <instance name="BlobWalk_Sprite" index="3" posX="636" posY="185" anchorX="40.8" anchorY="46.65" width="81" height="75"/>
  <instance name="BlobWalk_Sprite" index="2" posX="718" posY="202" anchorX="32.6" anchorY="65.75" width="65" height="94"/>
  <instance name="KnightAttack_Sprite" index="4" posX="784" posY="202" anchorX="38.8" anchorY="40.85" width="80" height="81"/>
  <instance name="KnightAttack_Sprite" index="1" posX="865" posY="187" anchorX="26.799999999999997" anchorY="40.85" width="90" height="81"/>
  <instance name="Wolf_Sprite" index="2" posX="0" posY="223" anchorX="50" anchorY="36.8" width="100" height="73"/>
  <instance name="Wolf_Sprite" index="4" posX="101" posY="260" anchorX="50" anchorY="36.8" width="100" height="73"/>
  <instance name="KnightWalk_Sprite" index="0" posX="202" posY="260" anchorX="38.8" anchorY="60" width="77" height="100"/>
  <instance name="KnightWalk_Sprite" index="1" posX="280" posY="260" anchorX="38.8" anchorY="60" width="77" height="100"/>
  <instance name="KnightAttack_Sprite" index="0" posX="358" posY="257" anchorX="38.8" anchorY="60.7" width="77" height="101"/>
  <instance name="KnightAttack_Sprite" index="2" posX="436" posY="257" anchorX="43.4" anchorY="40.85" width="100" height="81"/>
  <instance name="Wolf_Sprite" index="3" posX="537" posY="261" anchorX="60" anchorY="36.8" width="120" height="73"/>
  <instance name="KnightAttack_Sprite" index="3" posX="658" posY="297" anchorX="38.8" anchorY="40.85" width="163" height="81"/>
  <instance name="SwordKnightAttack_Sprite" index="0" posX="822" posY="284" anchorX="128" anchorY="38.8" width="148" height="93"/>
  <instance name="SwordKnightWalk_Sprite" index="0" posX="0" posY="334" anchorX="128" anchorY="46" width="148" height="100"/>
  <instance name="SwordKnightWalk_Sprite" index="1" posX="149" posY="361" anchorX="128" anchorY="46" width="148" height="100"/>
  <instance name="SwordKnightAttack_Sprite" index="1" posX="298" posY="361" anchorX="128" anchorY="46.4" width="148" height="100"/>
  <instance name="SwordKnightAttack_Sprite" index="2" posX="447" posY="339" anchorX="20.4" anchorY="30.799999999999997" width="175" height="87"/>
  <instance name="SwordSlash_Sprite" index="0" posX="623" posY="379" anchorX="108" anchorY="52" width="216" height="104"/>
  <instance name="SwordSlash_Sprite" index="1" posX="0" posY="462" anchorX="114.6" anchorY="59.8" width="229" height="110"/>
  <instance name="SwordSlash_Sprite" index="2" posX="230" posY="462" anchorX="121.2" anchorY="67.6" width="242" height="116"/>
  <instance name="SwordSlash_Sprite" index="3" posX="473" posY="484" anchorX="128" anchorY="75.4" width="255" height="123"/>
  <instance name="SwordSlash_Sprite" index="4" posX="729" posY="484" anchorX="134.6" anchorY="83.2" width="269" height="129"/>
  <animation frame="1" name="SkeletonWalk_Sprite" index="0" duration="1" label="">
    <rectangle x="-24" y="-38" width="48" height="76" rotation="0" type="2"/>
    <rectangle x="-24" y="-38" width="48" height="77" rotation="0" type="0"/>
    <rectangle x="-24" y="-38" width="48" height="77" rotation="0" type="1"/>
  </animation>
  <animation frame="2" name="SkeletonWalk_Sprite" index="1" duration="1" label="">
    <rectangle x="-24" y="-38" width="48" height="76" rotation="0" type="2"/>
    <rectangle x="-24" y="-38" width="48" height="77" rotation="0" type="0"/>
    <rectangle x="-24" y="-38" width="48" height="77" rotation="0" type="1"/>
  </animation>
  <animation frame="1" name="SkeletonProjectile_Sprite" index="0" duration="1" label="StartThrow">
    <rectangle x="-23" y="-38" width="48" height="77" rotation="0" type="2"/>
    <rectangle x="-23" y="-38" width="48" height="77" rotation="0" type="0"/>
    <rectangle x="-23" y="-38" width="49" height="77" rotation="0" type="1"/>
  </animation>
  <animation frame="2" name="SkeletonProjectile_Sprite" index="1" duration="1" label="MidThrow">
    <rectangle x="-23" y="-38" width="48" height="77" rotation="0" type="2"/>
    <rectangle x="-23" y="-38" width="48" height="77" rotation="0" type="0"/>
    <rectangle x="-23" y="-38" width="49" height="77" rotation="0" type="1"/>
  </animation>
  <animation frame="3" name="SkeletonProjectile_Sprite" index="2" duration="1" label="">
    <rectangle x="-23" y="-38" width="48" height="77" rotation="0" type="2"/>
    <rectangle x="-23" y="-38" width="48" height="77" rotation="0" type="0"/>
    <rectangle x="-23" y="-38" width="49" height="77" rotation="0" type="1"/>
  </animation>
  <animation frame="4" name="SkeletonProjectile_Sprite" index="3" duration="1" label="EndThrow">
    <rectangle x="-23" y="-38" width="48" height="77" rotation="0" type="2"/>
    <rectangle x="-23" y="-38" width="48" height="77" rotation="0" type="0"/>
    <rectangle x="-23" y="-38" width="49" height="77" rotation="0" type="1"/>
  </animation>
  <animation frame="1" name="KnightAttack_Sprite" index="0" duration="1" label="Start">
    <rectangle x="-38" y="-40" width="77" height="81" rotation="0" type="2"/>
    <rectangle x="-38" y="-40" width="77" height="81" rotation="0" type="0"/>
    <rectangle x="-38" y="-40" width="77" height="81" rotation="0" type="1"/>
  </animation>
  <animation frame="2" name="KnightAttack_Sprite" index="1" duration="1" label="">
    <rectangle x="-38" y="-40" width="77" height="81" rotation="0" type="2"/>
    <rectangle x="-38" y="-40" width="77" height="81" rotation="0" type="0"/>
    <rectangle x="-38" y="-40" width="77" height="81" rotation="0" type="1"/>
  </animation>
  <animation frame="3" name="KnightAttack_Sprite" index="2" duration="1" label="Charge">
    <rectangle x="-38" y="-40" width="77" height="81" rotation="0" type="2"/>
    <rectangle x="-38" y="-40" width="77" height="81" rotation="0" type="0"/>
    <rectangle x="-38" y="-40" width="77" height="81" rotation="0" type="1"/>
  </animation>
  <animation frame="4" name="KnightAttack_Sprite" index="3" duration="1" label="Thrust">
    <rectangle x="38" y="0" width="87" height="15" rotation="0" type="1"/>
    <rectangle x="-38" y="-40" width="77" height="81" rotation="0" type="2"/>
    <rectangle x="-38" y="-40" width="77" height="81" rotation="0" type="0"/>
    <rectangle x="-38" y="-40" width="77" height="81" rotation="0" type="1"/>
  </animation>
  <animation frame="5" name="KnightAttack_Sprite" index="4" duration="1" label="Throw">
    <rectangle x="-38" y="-40" width="77" height="81" rotation="0" type="2"/>
    <rectangle x="-38" y="-40" width="77" height="81" rotation="0" type="0"/>
    <rectangle x="-38" y="-40" width="77" height="81" rotation="0" type="1"/>
  </animation>
  <animation frame="1" name="SpearProjectile_Sprite" index="0" duration="1" label="">
    <rectangle x="-50" y="-8" width="102" height="16" rotation="0" type="1"/>
  </animation>
  <animation frame="1" name="KnightWalk_Sprite" index="0" duration="2" label="">
    <rectangle x="-38" y="-40" width="77" height="81" rotation="0" type="2"/>
    <rectangle x="-38" y="-40" width="77" height="81" rotation="0" type="0"/>
    <rectangle x="-38" y="-40" width="77" height="81" rotation="0" type="1"/>
  </animation>
  <animation frame="3" name="KnightWalk_Sprite" index="1" duration="2" label="">
    <rectangle x="-38" y="-40" width="77" height="81" rotation="0" type="2"/>
    <rectangle x="-38" y="-40" width="77" height="81" rotation="0" type="0"/>
    <rectangle x="-38" y="-40" width="77" height="81" rotation="0" type="1"/>
  </animation>
  <animation frame="1" name="Bee_Sprite" index="0" duration="1" label="">
    <rectangle x="0" y="0" width="61" height="60" rotation="0" type="2"/>
    <rectangle x="0" y="0" width="61" height="60" rotation="0" type="0"/>
    <rectangle x="0" y="0" width="61" height="60" rotation="0" type="1"/>
  </animation>
  <animation frame="2" name="Bee_Sprite" index="1" duration="1" label="">
    <rectangle x="0" y="0" width="61" height="60" rotation="0" type="2"/>
    <rectangle x="0" y="0" width="61" height="60" rotation="0" type="0"/>
    <rectangle x="0" y="0" width="61" height="60" rotation="0" type="1"/>
  </animation>
  <animation frame="3" name="Bee_Sprite" index="2" duration="1" label="">
    <rectangle x="0" y="0" width="61" height="60" rotation="0" type="2"/>
    <rectangle x="0" y="0" width="61" height="60" rotation="0" type="0"/>
    <rectangle x="0" y="0" width="61" height="60" rotation="0" type="1"/>
  </animation>
  <animation frame="1" name="ZombieLower_Sprite" index="0" duration="1" label="">
    <rectangle x="23" y="11" width="49" height="70" rotation="0" type="0"/>
    <rectangle x="23" y="11" width="49" height="70" rotation="0" type="1"/>
  </animation>
  <animation frame="2" name="ZombieLower_Sprite" index="1" duration="1" label="">
    <rectangle x="23" y="19" width="49" height="61" rotation="0" type="0"/>
    <rectangle x="23" y="19" width="49" height="62" rotation="0" type="1"/>
  </animation>
  <animation frame="3" name="ZombieLower_Sprite" index="2" duration="1" label="">
    <rectangle x="23" y="11" width="49" height="70" rotation="0" type="0"/>
  </animation>
  <animation frame="4" name="ZombieLower_Sprite" index="3" duration="1" label="">
    <rectangle x="23" y="11" width="49" height="70" rotation="0" type="0"/>
  </animation>
  <animation frame="5" name="ZombieLower_Sprite" index="4" duration="1" label="">
    <rectangle x="23" y="11" width="49" height="70" rotation="0" type="0"/>
  </animation>
  <animation frame="1" name="ZombieWalk_Sprite" index="0" duration="3" label="">
    <rectangle x="-24" y="-34" width="49" height="69" rotation="0" type="2"/>
    <rectangle x="-24" y="-34" width="48" height="69" rotation="0" type="0"/>
    <rectangle x="-24" y="-34" width="49" height="69" rotation="0" type="1"/>
  </animation>
  <animation frame="4" name="ZombieWalk_Sprite" index="1" duration="3" label="">
    <rectangle x="-24" y="-34" width="49" height="69" rotation="0" type="2"/>
    <rectangle x="-24" y="-34" width="48" height="69" rotation="0" type="0"/>
    <rectangle x="-24" y="-34" width="49" height="69" rotation="0" type="1"/>
  </animation>
  <animation frame="1" name="ZombieRise_Sprite" index="0" duration="1" label="">
    <rectangle x="23" y="11" width="49" height="70" rotation="0" type="0"/>
  </animation>
  <animation frame="2" name="ZombieRise_Sprite" index="1" duration="1" label="">
    <rectangle x="23" y="11" width="49" height="70" rotation="0" type="0"/>
  </animation>
  <animation frame="3" name="ZombieRise_Sprite" index="2" duration="1" label="">
    <rectangle x="23" y="19" width="49" height="61" rotation="0" type="0"/>
    <rectangle x="23" y="19" width="49" height="62" rotation="0" type="1"/>
  </animation>
  <animation frame="4" name="ZombieRise_Sprite" index="3" duration="1" label="">
    <rectangle x="23" y="11" width="49" height="70" rotation="0" type="0"/>
    <rectangle x="23" y="11" width="49" height="70" rotation="0" type="1"/>
  </animation>
  <animation frame="5" name="ZombieRise_Sprite" index="4" duration="1" label="">
    <rectangle x="23" y="11" width="49" height="70" rotation="0" type="0"/>
    <rectangle x="23" y="11" width="49" height="70" rotation="0" type="1"/>
  </animation>
  <animation frame="1" name="BallAndChain_Sprite" index="0" duration="1" label="">
    <rectangle x="-24" y="-40" width="48" height="81" rotation="0" type="2"/>
    <rectangle x="-24" y="-40" width="48" height="81" rotation="0" type="0"/>
    <rectangle x="-24" y="-40" width="48" height="81" rotation="0" type="1"/>
  </animation>
  <animation frame="2" name="BallAndChain_Sprite" index="1" duration="1" label="">
    <rectangle x="-24" y="-40" width="48" height="81" rotation="0" type="2"/>
    <rectangle x="-24" y="-40" width="48" height="81" rotation="0" type="0"/>
    <rectangle x="-24" y="-40" width="48" height="81" rotation="0" type="1"/>
  </animation>
  <animation frame="1" name="Wolf_Sprite" index="0" duration="1" label="">
    <rectangle x="-24" y="-36" width="55" height="73" rotation="0" type="2"/>
    <rectangle x="-24" y="-36" width="55" height="73" rotation="0" type="0"/>
    <rectangle x="-24" y="-36" width="55" height="73" rotation="0" type="1"/>
  </animation>
  <animation frame="2" name="Wolf_Sprite" index="1" duration="1" label="StartRun">
    <rectangle x="-24" y="-36" width="55" height="73" rotation="0" type="2"/>
    <rectangle x="-24" y="-36" width="55" height="73" rotation="0" type="0"/>
    <rectangle x="-24" y="-36" width="55" height="73" rotation="0" type="1"/>
  </animation>
  <animation frame="3" name="Wolf_Sprite" index="2" duration="1" label="">
    <rectangle x="-24" y="-36" width="55" height="73" rotation="0" type="2"/>
    <rectangle x="-24" y="-36" width="55" height="73" rotation="0" type="0"/>
    <rectangle x="-24" y="-36" width="55" height="73" rotation="0" type="1"/>
  </animation>
  <animation frame="4" name="Wolf_Sprite" index="3" duration="1" label="">
    <rectangle x="-24" y="-36" width="55" height="73" rotation="0" type="2"/>
    <rectangle x="-24" y="-36" width="55" height="73" rotation="0" type="0"/>
    <rectangle x="-24" y="-36" width="55" height="73" rotation="0" type="1"/>
  </animation>
  <animation frame="5" name="Wolf_Sprite" index="4" duration="1" label="EndRun">
    <rectangle x="-24" y="-36" width="55" height="73" rotation="0" type="2"/>
    <rectangle x="-24" y="-36" width="55" height="73" rotation="0" type="0"/>
    <rectangle x="-24" y="-36" width="55" height="73" rotation="0" type="1"/>
  </animation>
  <animation frame="1" name="BowlingBall_Sprite" index="0" duration="1" label="">
    <rectangle x="-12" y="-12" width="24" height="24" rotation="0" type="1"/>
  </animation>
  <animation frame="1" name="Eyeball_Sprite" index="0" duration="1" label="">
    <rectangle x="-27" y="-27" width="55" height="55" rotation="0" type="2"/>
    <rectangle x="-27" y="-27" width="55" height="55" rotation="0" type="0"/>
    <rectangle x="-27" y="-27" width="55" height="55" rotation="0" type="1"/>
  </animation>
  <animation frame="1" name="EyeballPupil_Sprite" index="0" duration="1" label=""/>
  <animation frame="1" name="NinjaWalk_Sprite" index="0" duration="1" label="">
    <rectangle x="-24" y="-34" width="48" height="69" rotation="0" type="2"/>
    <rectangle x="-24" y="-34" width="48" height="69" rotation="0" type="0"/>
    <rectangle x="-24" y="-34" width="48" height="69" rotation="0" type="1"/>
  </animation>
  <animation frame="2" name="NinjaWalk_Sprite" index="1" duration="1" label="">
    <rectangle x="-24" y="-34" width="48" height="69" rotation="0" type="2"/>
    <rectangle x="-24" y="-34" width="48" height="69" rotation="0" type="0"/>
    <rectangle x="-24" y="-34" width="48" height="69" rotation="0" type="1"/>
  </animation>
  <animation frame="1" name="NinjaThrow_Sprite" index="0" duration="1" label="">
    <rectangle x="-24" y="-33" width="48" height="69" rotation="0" type="2"/>
    <rectangle x="-24" y="-33" width="48" height="69" rotation="0" type="0"/>
    <rectangle x="-24" y="-33" width="48" height="69" rotation="0" type="1"/>
  </animation>
  <animation frame="2" name="NinjaThrow_Sprite" index="1" duration="1" label="">
    <rectangle x="-24" y="-33" width="48" height="69" rotation="0" type="2"/>
    <rectangle x="-24" y="-33" width="48" height="69" rotation="0" type="0"/>
    <rectangle x="-24" y="-33" width="48" height="69" rotation="0" type="1"/>
  </animation>
  <animation frame="1" name="NinjaAttack_Sprite" index="0" duration="1" label="">
    <rectangle x="-22" y="-34" width="44" height="69" rotation="0" type="2"/>
    <rectangle x="-22" y="-34" width="44" height="69" rotation="0" type="0"/>
    <rectangle x="-22" y="-34" width="44" height="69" rotation="0" type="1"/>
  </animation>
  <animation frame="1" name="NinjaSmoke_Sprite" index="0" duration="1" label=""/>
  <animation frame="2" name="NinjaSmoke_Sprite" index="1" duration="1" label=""/>
  <animation frame="3" name="NinjaSmoke_Sprite" index="2" duration="1" label=""/>
  <animation frame="4" name="NinjaSmoke_Sprite" index="3" duration="1" label=""/>
  <animation frame="5" name="NinjaSmoke_Sprite" index="4" duration="1" label=""/>
  <animation frame="1" name="NinjaLog_Sprite" index="0" duration="1" label=""/>
  <animation frame="2" name="NinjaLog_Sprite" index="1" duration="1" label=""/>
  <animation frame="3" name="NinjaLog_Sprite" index="2" duration="1" label=""/>
  <animation frame="4" name="NinjaLog_Sprite" index="3" duration="1" label=""/>
  <animation frame="5" name="NinjaLog_Sprite" index="4" duration="1" label=""/>
  <animation frame="6" name="NinjaLog_Sprite" index="5" duration="1" label=""/>
  <animation frame="7" name="NinjaLog_Sprite" index="6" duration="1" label=""/>
  <animation frame="8" name="NinjaLog_Sprite" index="7" duration="1" label=""/>
  <animation frame="9" name="NinjaLog_Sprite" index="8" duration="1" label=""/>
  <animation frame="10" name="NinjaLog_Sprite" index="9" duration="1" label=""/>
  <animation frame="11" name="NinjaLog_Sprite" index="10" duration="2" label=""/>
  <animation frame="13" name="NinjaLog_Sprite" index="11" duration="1" label=""/>
  <animation frame="14" name="NinjaLog_Sprite" index="12" duration="1" label=""/>
  <animation frame="15" name="NinjaLog_Sprite" index="13" duration="1" label=""/>
  <animation frame="1" name="ShurikenProjectile_Sprite" index="0" duration="1" label="">
    <rectangle x="-10" y="-10" width="21" height="21" rotation="0" type="1"/>
  </animation>
  <animation frame="1" name="FireProjectile_Sprite" index="0" duration="1" label="">
    <rectangle x="-10" y="-10" width="21" height="21" rotation="0" type="1"/>
  </animation>
  <animation frame="1" name="SwordKnightWalk_Sprite" index="0" duration="1" label="">
    <rectangle x="-28" y="-46" width="48" height="93" rotation="0" type="2"/>
    <rectangle x="-28" y="-46" width="48" height="93" rotation="0" type="0"/>
    <rectangle x="-28" y="-46" width="48" height="93" rotation="0" type="1"/>
  </animation>
  <animation frame="2" name="SwordKnightWalk_Sprite" index="1" duration="1" label="">
    <rectangle x="-28" y="-46" width="48" height="93" rotation="0" type="2"/>
    <rectangle x="-28" y="-46" width="48" height="93" rotation="0" type="0"/>
    <rectangle x="-28" y="-46" width="48" height="93" rotation="0" type="1"/>
  </animation>
  <animation frame="1" name="SwordKnightAttack_Sprite" index="0" duration="1" label="Heave1">
    <rectangle x="-28" y="-38" width="48" height="85" rotation="0" type="2"/>
    <rectangle x="-28" y="-38" width="48" height="85" rotation="0" type="0"/>
    <rectangle x="-28" y="-38" width="48" height="85" rotation="0" type="1"/>
  </animation>
  <animation frame="2" name="SwordKnightAttack_Sprite" index="1" duration="1" label="Heave2">
    <rectangle x="-28" y="-46" width="48" height="94" rotation="0" type="2"/>
    <rectangle x="-28" y="-38" width="48" height="85" rotation="0" type="0"/>
    <rectangle x="-28" y="-46" width="48" height="93" rotation="0" type="1"/>
  </animation>
  <animation frame="3" name="SwordKnightAttack_Sprite" index="2" duration="1" label="Attack">
    <rectangle x="-20" y="-30" width="41" height="77" rotation="0" type="2"/>
    <rectangle x="-28" y="-38" width="48" height="85" rotation="0" type="0"/>
    <rectangle x="-20" y="-30" width="41" height="77" rotation="0" type="1"/>
  </animation>
  <animation frame="1" name="SwordSlash_Sprite" index="0" duration="1" label="">
    <rectangle x="-107" y="8" width="222" height="89" rotation="0" type="1"/>
    <rectangle x="-74" y="-23" width="157" height="31" rotation="0" type="1"/>
    <rectangle x="-39" y="-49" width="82" height="26" rotation="0" type="1"/>
    <rectangle x="-106" y="15" width="94" height="28" rotation="-45" type="1"/>
    <rectangle x="43" y="-49" width="94" height="28" rotation="45" type="1"/>
  </animation>
  <animation frame="2" name="SwordSlash_Sprite" index="1" duration="1" label=""/>
  <animation frame="3" name="SwordSlash_Sprite" index="2" duration="1" label=""/>
  <animation frame="4" name="SwordSlash_Sprite" index="3" duration="1" label=""/>
  <animation frame="5" name="SwordSlash_Sprite" index="4" duration="1" label=""/>
  <animation frame="1" name="BlobWalk_Sprite" index="0" duration="1" label="Start">
    <rectangle x="-40" y="-27" width="81" height="57" rotation="0" type="2"/>
    <rectangle x="-40" y="-27" width="81" height="57" rotation="0" type="0"/>
    <rectangle x="-40" y="-27" width="81" height="57" rotation="0" type="1"/>
  </animation>
  <animation frame="2" name="BlobWalk_Sprite" index="1" duration="1" label="">
    <rectangle x="-40" y="-27" width="81" height="57" rotation="0" type="2"/>
    <rectangle x="-40" y="-27" width="81" height="57" rotation="0" type="0"/>
    <rectangle x="-40" y="-27" width="81" height="57" rotation="0" type="1"/>
  </animation>
  <animation frame="3" name="BlobWalk_Sprite" index="2" duration="1" label="BlobHighest">
    <rectangle x="-32" y="-65" width="65" height="95" rotation="0" type="2"/>
    <rectangle x="-32" y="-65" width="65" height="95" rotation="0" type="0"/>
    <rectangle x="-32" y="-65" width="65" height="95" rotation="0" type="1"/>
  </animation>
  <animation frame="4" name="BlobWalk_Sprite" index="3" duration="1" label="">
    <rectangle x="-40" y="-27" width="81" height="57" rotation="0" type="2"/>
    <rectangle x="-40" y="-27" width="81" height="57" rotation="0" type="0"/>
    <rectangle x="-40" y="-27" width="81" height="57" rotation="0" type="1"/>
  </animation>
  <animation frame="5" name="BlobWalk_Sprite" index="4" duration="1" label="">
    <rectangle x="-40" y="-27" width="81" height="57" rotation="0" type="2"/>
    <rectangle x="-40" y="-27" width="81" height="57" rotation="0" type="0"/>
    <rectangle x="-40" y="-27" width="81" height="57" rotation="0" type="1"/>
  </animation>
  <animation frame="6" name="BlobWalk_Sprite" index="5" duration="1" label="BlobLowest">
    <rectangle x="-40" y="-27" width="81" height="57" rotation="0" type="2"/>
    <rectangle x="-40" y="-27" width="81" height="57" rotation="0" type="0"/>
    <rectangle x="-40" y="-27" width="81" height="57" rotation="0" type="1"/>
  </animation>
  <animation frame="1" name="EagleFly_Sprite" index="0" duration="1" label="">
    <rectangle x="-30" y="-7" width="71" height="38" rotation="0" type="2"/>
    <rectangle x="-30" y="-7" width="71" height="38" rotation="0" type="1"/>
  </animation>
  <animation frame="2" name="EagleFly_Sprite" index="1" duration="1" label="">
    <rectangle x="-30" y="-7" width="71" height="38" rotation="0" type="2"/>
    <rectangle x="-30" y="-7" width="71" height="38" rotation="0" type="1"/>
  </animation>
  <animation frame="3" name="EagleFly_Sprite" index="2" duration="1" label="">
    <rectangle x="-30" y="-7" width="71" height="38" rotation="0" type="2"/>
    <rectangle x="-30" y="-7" width="71" height="38" rotation="0" type="1"/>
  </animation>
  <animation frame="4" name="EagleFly_Sprite" index="3" duration="1" label="">
    <rectangle x="-30" y="-7" width="71" height="38" rotation="0" type="2"/>
    <rectangle x="-30" y="-7" width="71" height="38" rotation="0" type="1"/>
  </animation>
  <container name="SkeletonWalk_Character" child="SkeletonWalk_Sprite" childX="0" childY="0" childRotation="0"/>
  <container name="SkeletonProjectile_Character" child="SkeletonProjectile_Sprite" childX="0" childY="0" childRotation="0"/>
  <container name="KnightAttack_Character" child="KnightAttack_Sprite" childX="0" childY="0" childRotation="0"/>
  <container name="KnightWalk_Character" child="KnightWalk_Sprite" childX="0" childY="0" childRotation="0"/>
  <container name="Bee_Character" child="Bee_Sprite" childX="-29.85076904296875" childY="-30" childRotation="0"/>
  <container name="ZombieLower_Character" child="ZombieLower_Sprite" childX="-43.99983215332031" childY="-45.79982528686523" childRotation="0"/>
  <container name="ZombieWalk_Character" child="ZombieWalk_Sprite" childX="0" childY="0" childRotation="0"/>
  <container name="ZombieRise_Character" child="ZombieRise_Sprite" childX="-47.6" childY="-45.4" childRotation="0"/>
  <container name="BallAndChain_Character" child="BallAndChain_Sprite" childX="0" childY="0" childRotation="0"/>
  <container name="Wolf_Character" child="Wolf_Sprite" childX="0" childY="0" childRotation="0"/>
  <container name="Eyeball_Character" child="Eyeball_Sprite" childX="0" childY="0" childRotation="0"/>
  <container name="NinjaWalk_Character" child="NinjaWalk_Sprite" childX="0" childY="0" childRotation="0"/>
  <container name="NinjaThrow_Character" child="NinjaThrow_Sprite" childX="0" childY="0" childRotation="0"/>
  <container name="NinjaAttack_Character" child="NinjaAttack_Sprite" childX="0" childY="0" childRotation="0"/>
  <container name="SwordKnightWalk_Character" child="SwordKnightWalk_Sprite" childX="0" childY="0" childRotation="0"/>
  <container name="SwordKnightAttack_Character" child="SwordKnightAttack_Sprite" childX="0" childY="0" childRotation="0"/>
  <container name="BlobWalk_Character" child="BlobWalk_Sprite" childX="0" childY="0" childRotation="0"/>
  <container name="EagleFly_Character" child="EagleFly_Sprite" childX="0" childY="0" childRotation="0"/>
</xml>