<xml>
  <instance name="CastleFGBottomTrim_Sprite" index="0" posX="0" posY="0" anchorX="0" anchorY="-4" width="128" height="12"/>
  <instance name="CastleFGCorner_Sprite" index="0" posX="129" posY="0" anchorX="-6" anchorY="-15" width="46" height="38"/>
  <instance name="CastleWallCandle_Sprite" index="0" posX="176" posY="0" anchorX="0" anchorY="0" width="60" height="97"/>
  <instance name="CastleMoss2_Sprite" index="0" posX="237" posY="0" anchorX="0" anchorY="0" width="86" height="68"/>
  <instance name="CastleCornerStyle_Sprite" index="0" posX="324" posY="0" anchorX="-1" anchorY="-4" width="88" height="80"/>
  <instance name="CastleStairs_Sprite" index="0" posX="413" posY="0" anchorX="-9" anchorY="-19" width="98" height="79"/>
  <instance name="CastleMoss3_Sprite" index="0" posX="512" posY="0" anchorX="0" anchorY="0" width="105" height="102"/>
  <instance name="CastleStandingTorch_Sprite" index="0" posX="618" posY="0" anchorX="0" anchorY="-10" width="79" height="169"/>
  <instance name="CastleFGTopTrim_Sprite" index="0" posX="698" posY="0" anchorX="0" anchorY="0" width="512" height="27"/>
  <instance name="CastleMoss1_Sprite" index="0" posX="1211" posY="0" anchorX="0" anchorY="0" width="104" height="137"/>
  <instance name="CastleSpiderWeb_Sprite" index="0" posX="1316" posY="0" anchorX="0" anchorY="0" width="91" height="159"/>
  <instance name="CastleWallTorch_Sprite" index="0" posX="1408" posY="0" anchorX="0" anchorY="0" width="129" height="193"/>
  <instance name="CastleWindow1_Sprite" index="0" posX="1538" posY="0" anchorX="-1" anchorY="0" width="121" height="218"/>
  <instance name="CastleFGSewer_Sprite" index="0" posX="1660" posY="0" anchorX="0" anchorY="0" width="217" height="147"/>
  <instance name="CastleEntranceFerns_Sprite" index="0" posX="0" posY="98" anchorX="0" anchorY="0" width="248" height="203"/>
  <instance name="CastleWindow2_Sprite" index="0" posX="249" posY="81" anchorX="0" anchorY="0" width="210" height="351"/>
  <instance name="CastleParallaxBG_Sprite" index="0" posX="460" posY="170" anchorX="0" anchorY="0" width="510" height="287"/>
  <instance name="CastleFG2_Sprite" index="0" posX="971" posY="194" anchorX="0" anchorY="0" width="512" height="512"/>
  <instance name="CastleBG5_Sprite" index="0" posX="1484" posY="219" anchorX="0" anchorY="0" width="512" height="512"/>
  <animation frame="1" name="CastleFGTopTrim_Sprite" index="0" duration="1" label=""/>
  <animation frame="1" name="CastleFGCorner_Sprite" index="0" duration="1" label=""/>
  <animation frame="1" name="CastleFGBottomTrim_Sprite" index="0" duration="1" label=""/>
  <animation frame="1" name="CastleFG2_Sprite" index="0" duration="1" label=""/>
  <animation frame="1" name="CastleBG5_Sprite" index="0" duration="1" label=""/>
  <animation frame="1" name="CastleStandingTorch_Sprite" index="0" duration="1" label=""/>
  <animation frame="1" name="CastleWindow1_Sprite" index="0" duration="1" label=""/>
  <animation frame="1" name="CastleWallTorch_Sprite" index="0" duration="1" label=""/>
  <animation frame="1" name="CastleCornerStyle_Sprite" index="0" duration="1" label=""/>
  <animation frame="1" name="CastleWindow2_Sprite" index="0" duration="1" label=""/>
  <animation frame="1" name="CastleWallCandle_Sprite" index="0" duration="1" label=""/>
  <animation frame="1" name="CastleFGSewer_Sprite" index="0" duration="1" label=""/>
  <animation frame="1" name="CastleEntranceFerns_Sprite" index="0" duration="1" label=""/>
  <animation frame="1" name="CastleMoss1_Sprite" index="0" duration="1" label=""/>
  <animation frame="1" name="CastleMoss2_Sprite" index="0" duration="1" label=""/>
  <animation frame="1" name="CastleMoss3_Sprite" index="0" duration="1" label=""/>
  <animation frame="1" name="CastleSpiderWeb_Sprite" index="0" duration="1" label=""/>
  <animation frame="1" name="CastleStairs_Sprite" index="0" duration="1" label=""/>
  <animation frame="1" name="CastleParallaxBG_Sprite" index="0" duration="1" label=""/>
</xml>