﻿<xml>
  <EnemyObj Type="15" SpriteName="EnemySkeletonIdle_Character" BasicScaleX="2.5" BasicScaleY="2.5" AdvancedScaleX="3" AdvancedScaleY="3" ExpertScaleX="3.5" ExpertScaleY="3.5" MinibossScaleX="7" MinibossScaleY="7" />
  <EnemyObj Type="12" SpriteName="EnemySpearKnightIdle_Character" BasicScaleX="1.8" BasicScaleY="1.8" AdvancedScaleX="2.2" AdvancedScaleY="2.2" ExpertScaleX="2.6" ExpertScaleY="2.6" MinibossScaleX="3" MinibossScaleY="3" />
  <EnemyObj Type="8" SpriteName="EnemyGhostIdle_Character" BasicScaleX="2.5" BasicScaleY="2.5" AdvancedScaleX="3" AdvancedScaleY="3" ExpertScaleX="3.5" ExpertScaleY="3.5" MinibossScaleX="3.25" MinibossScaleY="3.25" />
  <EnemyObj Type="7" SpriteName="EnemyFairyGhostIdle_Character" BasicScaleX="2.8" BasicScaleY="2.8" AdvancedScaleX="3.7" AdvancedScaleY="3.7" ExpertScaleX="4.5" ExpertScaleY="4.5" MinibossScaleX="2.5" MinibossScaleY="2.5" />
  <EnemyObj Type="17" SpriteName="EnemyTurretFire_Character" BasicScaleX="2" BasicScaleY="2" AdvancedScaleX="2" AdvancedScaleY="2" ExpertScaleX="2" ExpertScaleY="2" MinibossScaleX="2" MinibossScaleY="2" />
  <EnemyObj Type="13" SpriteName="EnemyNinjaIdle_Character" BasicScaleX="2.4" BasicScaleY="2.4" AdvancedScaleX="2.7" AdvancedScaleY="2.7" ExpertScaleX="3.3" ExpertScaleY="3.3" MinibossScaleX="2.7" MinibossScaleY="2.7" />
  <EnemyObj Type="10" SpriteName="EnemyHorseRun_Character" BasicScaleX="1.6" BasicScaleY="1.6" AdvancedScaleX="2.2" AdvancedScaleY="2.2" ExpertScaleX="2.6" ExpertScaleY="2.6" MinibossScaleX="3.4" MinibossScaleY="3.4" />
  <EnemyObj Type="20" SpriteName="EnemyZombieLower_Character" BasicScaleX="2.5" BasicScaleY="2.5" AdvancedScaleX="3" AdvancedScaleY="3" ExpertScaleX="3.5" ExpertScaleY="3.5" MinibossScaleX="4.5" MinibossScaleY="4.5" />
  <EnemyObj Type="19" SpriteName="EnemyWargIdle_Character" BasicScaleX="2.5" BasicScaleY="2.5" AdvancedScaleX="3" AdvancedScaleY="3" ExpertScaleX="4" ExpertScaleY="4" MinibossScaleX="5" MinibossScaleY="5" />
  <EnemyObj Type="1" SpriteName="EnemyFlailKnight_Character" BasicScaleX="1.8" BasicScaleY="1.8" AdvancedScaleX="2" AdvancedScaleY="2" ExpertScaleX="2.2" ExpertScaleY="2.2" MinibossScaleX="2" MinibossScaleY="2" />
  <EnemyObj Type="6" SpriteName="EnemyEyeballIdle_Character" BasicScaleX="2.4" BasicScaleY="2.4" AdvancedScaleX="2.7" AdvancedScaleY="2.7" ExpertScaleX="3.5" ExpertScaleY="3.5" MinibossScaleX="3.3" MinibossScaleY="3.3" />
  <EnemyObj Type="2" SpriteName="EnemyBlobIdle_Character" BasicScaleX="2.5" BasicScaleY="2.5" AdvancedScaleX="4" AdvancedScaleY="4" ExpertScaleX="5.5" ExpertScaleY="5.5" MinibossScaleX="3.25" MinibossScaleY="3.25" />
  <EnemyObj Type="16" SpriteName="EnemySwordKnightIdle_Character" BasicScaleX="2" BasicScaleY="2" AdvancedScaleX="2.4" AdvancedScaleY="2.4" ExpertScaleX="3" ExpertScaleY="3" MinibossScaleX="6.5" MinibossScaleY="6.5" />
  <EnemyObj Type="4" SpriteName="Dummy_Character" BasicScaleX="1" BasicScaleY="1" AdvancedScaleX="1" AdvancedScaleY="1" ExpertScaleX="1" ExpertScaleY="1" MinibossScaleX="1" MinibossScaleY="1" />
  <EnemyObj Type="14" SpriteName="EnemyShieldKnightIdle_Character" BasicScaleX="1.6" BasicScaleY="1.6" AdvancedScaleX="2" AdvancedScaleY="2" ExpertScaleX="2.4" ExpertScaleY="2.4" MinibossScaleX="1.6" MinibossScaleY="1.6" />
  <EnemyObj Type="9" SpriteName="EnemyWizardIdle_Character" BasicScaleX="1.8" BasicScaleY="1.8" AdvancedScaleX="2.2" AdvancedScaleY="2.2" ExpertScaleX="2.6" ExpertScaleY="2.6" MinibossScaleX="3" MinibossScaleY="3" />
  <EnemyObj Type="11" SpriteName="EnemyWizardIdle_Character" BasicScaleX="1.8" BasicScaleY="1.8" AdvancedScaleX="2.2" AdvancedScaleY="2.2" ExpertScaleX="2.6" ExpertScaleY="2.6" MinibossScaleX="3" MinibossScaleY="3" />
  <EnemyObj Type="5" SpriteName="EnemyWizardIdle_Character" BasicScaleX="1.8" BasicScaleY="1.8" AdvancedScaleX="2.2" AdvancedScaleY="2.2" ExpertScaleX="2.6" ExpertScaleY="2.6" MinibossScaleX="3.5" MinibossScaleY="3.5" />
  <EnemyObj Type="3" SpriteName="EnemyBouncySpike_Character" BasicScaleX="2" BasicScaleY="2" AdvancedScaleX="2.3" AdvancedScaleY="2.3" ExpertScaleX="2.6" ExpertScaleY="2.6" MinibossScaleX="3" MinibossScaleY="3" />
  <EnemyObj Type="21" SpriteName="EnemySpikeTrap_Character" BasicScaleX="2" BasicScaleY="2" AdvancedScaleX="2" AdvancedScaleY="2" ExpertScaleX="2" ExpertScaleY="2" MinibossScaleX="2" MinibossScaleY="2" />
  <EnemyObj Type="22" SpriteName="EnemyPlantIdle_Character" BasicScaleX="2" BasicScaleY="2" AdvancedScaleX="2.5" AdvancedScaleY="2.5" ExpertScaleX="3" ExpertScaleY="3" MinibossScaleX="3.5" MinibossScaleY="3.5" />
  <EnemyObj Type="23" SpriteName="EnemyEnergonIdle_Character" BasicScaleX="2.5" BasicScaleY="2.5" AdvancedScaleX="2.5" AdvancedScaleY="2.5" ExpertScaleX="2.5" ExpertScaleY="2.5" MinibossScaleX="2.5" MinibossScaleY="2.5" />
  <EnemyObj Type="24" SpriteName="EnemySpark_Character" BasicScaleX="2" BasicScaleY="2" AdvancedScaleX="2.5" AdvancedScaleY="2.5" ExpertScaleX="3" ExpertScaleY="3" MinibossScaleX="3.5" MinibossScaleY="3.5" />
  <EnemyObj Type="25" SpriteName="EnemySkeletonArcherIdle_Character" BasicScaleX="2.4" BasicScaleY="2.4" AdvancedScaleX="2.8" AdvancedScaleY="2.8" ExpertScaleX="3.2" ExpertScaleY="3.2" MinibossScaleX="2.5" MinibossScaleY="2.5" />
  <EnemyObj Type="26" SpriteName="EnemyChickenRun_Character" BasicScaleX="2" BasicScaleY="2" AdvancedScaleX="2" AdvancedScaleY="2" ExpertScaleX="2" ExpertScaleY="2" MinibossScaleX="8" MinibossScaleY="8" />
  <EnemyObj Type="27" SpriteName="EnemyPlatform_Character" BasicScaleX="2" BasicScaleY="2" AdvancedScaleX="2" AdvancedScaleY="2" ExpertScaleX="2" ExpertScaleY="2" MinibossScaleX="2" MinibossScaleY="2" />
  <EnemyObj Type="28" SpriteName="EnemyHomingTurret_Character" BasicScaleX="2" BasicScaleY="2" AdvancedScaleX="2.5" AdvancedScaleY="2.5" ExpertScaleX="2.75" ExpertScaleY="2.75" MinibossScaleX="3" MinibossScaleY="3" />
  <EnemyObj Type="29" SpriteName="PlayerIdle_Character" BasicScaleX="2.5" BasicScaleY="2.5" AdvancedScaleX="2" AdvancedScaleY="2" ExpertScaleX="2.5" ExpertScaleY="2.5" MinibossScaleX="2" MinibossScaleY="2" />
  <EnemyObj Type="30" SpriteName="Dummy_Character" BasicScaleX="2.2" BasicScaleY="2.2" AdvancedScaleX="2.2" AdvancedScaleY="2.2" ExpertScaleX="2.2" ExpertScaleY="2.2" MinibossScaleX="2.2" MinibossScaleY="2.2" />
  <EnemyObj Type="31" SpriteName="EnemyStarburstIdle_Character" BasicScaleX="2.25" BasicScaleY="2.25" AdvancedScaleX="2.75" AdvancedScaleY="2.75" ExpertScaleX="3.25" ExpertScaleY="3.25" MinibossScaleX="4" MinibossScaleY="4" />
  <EnemyObj Type="32" SpriteName="EnemyPortrait_Character" BasicScaleX="2" BasicScaleY="2" AdvancedScaleX="2" AdvancedScaleY="2" ExpertScaleX="2" ExpertScaleY="2" MinibossScaleX="5" MinibossScaleY="5" />
  <EnemyObj Type="33" SpriteName="EnemyMimicIdle_Character" BasicScaleX="2" BasicScaleY="2" AdvancedScaleX="2" AdvancedScaleY="2" ExpertScaleX="2" ExpertScaleY="2" MinibossScaleX="2" MinibossScaleY="2" />
</xml>