<xml>
  <instance name="SpellTimeBombExplosion_Sprite" index="7" posX="0" posY="0" anchorX="-6710886.4" anchorY="-6710886.4" width="1" height="1"/>
  <instance name="GardenVinePiece2_Sprite" index="0" posX="2" posY="0" anchorX="3" anchorY="2.65" width="6" height="5"/>
  <instance name="GardenTrunkPiece_Sprite" index="0" posX="9" posY="0" anchorX="1.5" anchorY="5" width="3" height="10"/>
  <instance name="GardenTrunk2Piece1_Sprite" index="1" posX="13" posY="0" anchorX="1.9000000000000004" anchorY="5.3" width="3" height="10"/>
  <instance name="GardenMushroom1Piece1_Sprite" index="1" posX="17" posY="0" anchorX="2" anchorY="4.5" width="4" height="8"/>
  <instance name="GardenTrunk1Piece1_Sprite" index="1" posX="22" posY="0" anchorX="2.25" anchorY="4.8" width="4" height="10"/>
  <instance name="GardenVinePiece1_Sprite" index="1" posX="27" posY="0" anchorX="5.550000000000001" anchorY="5.699999999999999" width="7" height="6"/>
  <instance name="GardenVine2Piece1_Sprite" index="1" posX="35" posY="0" anchorX="3.0500000000000007" anchorY="3.1999999999999993" width="7" height="6"/>
  <instance name="GardenMushroom2Piece1_Sprite" index="1" posX="43" posY="0" anchorX="4.25" anchorY="3.8000000000000007" width="9" height="5"/>
  <instance name="GardenFairy_Sprite" index="0" posX="53" posY="0" anchorX="4" anchorY="4" width="8" height="8"/>
  <instance name="SpellDagger_Sprite" index="0" posX="62" posY="0" anchorX="10" anchorY="2" width="20" height="4"/>
  <instance name="CrowFeather_Sprite" index="0" posX="83" posY="0" anchorX="4" anchorY="5" width="9" height="11"/>
  <instance name="GardenMushroom2Piece3_Sprite" index="0" posX="93" posY="0" anchorX="4" anchorY="5" width="10" height="10"/>
  <instance name="GardenFairy_Sprite" index="1" posX="104" posY="0" anchorX="5" anchorY="5" width="10" height="10"/>
  <instance name="GardenMushroom1Piece2_Sprite" index="0" posX="115" posY="0" anchorX="3" anchorY="6" width="9" height="12"/>
  <instance name="GardenBat_Sprite" index="0" posX="125" posY="0" anchorX="11" anchorY="-1" width="11" height="11"/>
  <instance name="GardenLampPost2Piece2_Sprite" index="0" posX="137" posY="0" anchorX="3" anchorY="11" width="6" height="21"/>
  <instance name="GardenLampPost2Piece1_Sprite" index="1" posX="144" posY="0" anchorX="7.5" anchorY="5.149999999999999" width="16" height="8"/>
  <instance name="GardenUrn2Piece1_Sprite" index="1" posX="161" posY="0" anchorX="8.15" anchorY="4.350000000000001" width="16" height="8"/>
  <instance name="GardenBat_Sprite" index="1" posX="178" posY="0" anchorX="10" anchorY="0" width="10" height="13"/>
  <instance name="GardenMushroom1Piece3_Sprite" index="0" posX="189" posY="0" anchorX="5.5" anchorY="5.5" width="11" height="12"/>
  <instance name="GardenBat_Sprite" index="2" posX="201" posY="0" anchorX="11" anchorY="-8" width="11" height="12"/>
  <instance name="GardenBat_Sprite" index="3" posX="213" posY="0" anchorX="11" anchorY="-7" width="11" height="13"/>
  <instance name="GardenFairy_Sprite" index="2" posX="225" posY="0" anchorX="6" anchorY="6" width="12" height="12"/>
  <instance name="SpellPortal_Sprite" index="0" posX="238" posY="0" anchorX="5" anchorY="7" width="10" height="15"/>
  <instance name="GardenMushroom2Piece2_Sprite" index="0" posX="249" posY="0" anchorX="6" anchorY="4" width="15" height="13"/>
  <instance name="GardenLeaf2_Sprite" index="0" posX="265" posY="0" anchorX="8.5" anchorY="6.15" width="18" height="11"/>
  <instance name="CherubStatuePiece4_Sprite" index="0" posX="284" posY="0" anchorX="7.75" anchorY="4.75" width="14" height="15"/>
  <instance name="SpellDisplacer_Sprite" index="0" posX="299" posY="0" anchorX="10" anchorY="6" width="20" height="11"/>
  <instance name="SpellDisplacer_Sprite" index="1" posX="320" posY="0" anchorX="10" anchorY="6" width="20" height="11"/>
  <instance name="SpellDisplacer_Sprite" index="2" posX="341" posY="0" anchorX="10" anchorY="6" width="20" height="11"/>
  <instance name="GardenLeaf1_Sprite" index="0" posX="362" posY="0" anchorX="8.4" anchorY="6.65" width="16" height="14"/>
  <instance name="SpellDisplacer_Sprite" index="3" posX="379" posY="0" anchorX="9" anchorY="6" width="19" height="12"/>
  <instance name="GardenBranch2_Sprite" index="0" posX="399" posY="0" anchorX="0" anchorY="3" width="29" height="8"/>
  <instance name="GardenBranch7_Sprite" index="0" posX="429" posY="0" anchorX="29" anchorY="3" width="29" height="8"/>
  <instance name="GardenCrow_Sprite" index="2" posX="459" posY="0" anchorX="16" anchorY="-11" width="16" height="15"/>
  <instance name="GardenFairy_Sprite" index="3" posX="476" posY="0" anchorX="8" anchorY="8" width="16" height="16"/>
  <instance name="GardenCrow_Sprite" index="3" posX="493" posY="0" anchorX="16" anchorY="-10" width="16" height="16"/>
  <instance name="SpellPortal_Sprite" index="1" posX="0" posY="11" anchorX="6" anchorY="11" width="12" height="22"/>
  <instance name="GardenUrn1Piece2_Sprite" index="0" posX="13" posY="11" anchorX="0" anchorY="0" width="20" height="14"/>
  <instance name="GardenUrn2Piece3_Sprite" index="0" posX="34" posY="9" anchorX="8.25" anchorY="6.5" width="20" height="14"/>
  <instance name="GardenCrow_Sprite" index="1" posX="55" posY="9" anchorX="16" anchorY="0" width="16" height="18"/>
  <instance name="instance165" index="8" posX="72" posY="12" anchorX="8" anchorY="10" width="16" height="18"/>
  <instance name="GardenUrn1Piece1_Sprite" index="1" posX="89" posY="12" anchorX="9.85" anchorY="7.25" width="20" height="15"/>
  <instance name="GardenUrn2Piece2_Sprite" index="0" posX="110" posY="13" anchorX="10.5" anchorY="6.75" width="20" height="15"/>
  <instance name="GardenCrow_Sprite" index="0" posX="131" posY="22" anchorX="16" anchorY="0" width="16" height="19"/>
  <instance name="instance165" index="9" posX="148" posY="9" anchorX="8" anchorY="11" width="16" height="19"/>
  <instance name="GardenMushroom1Piece1_Sprite" index="0" posX="165" posY="14" anchorX="9" anchorY="13.5" width="18" height="17"/>
  <instance name="SpellDamageShield_Sprite" index="3" posX="184" posY="14" anchorX="6.75" anchorY="16" width="15" height="21"/>
  <instance name="instance165" index="0" posX="200" posY="14" anchorX="8" anchorY="12" width="16" height="20"/>
  <instance name="instance165" index="1" posX="217" posY="14" anchorX="8" anchorY="12" width="16" height="20"/>
  <instance name="instance165" index="2" posX="234" posY="16" anchorX="8" anchorY="12" width="16" height="20"/>
  <instance name="instance165" index="3" posX="251" posY="14" anchorX="8" anchorY="12" width="16" height="20"/>
  <instance name="instance165" index="4" posX="268" posY="16" anchorX="8" anchorY="12" width="16" height="20"/>
  <instance name="instance165" index="5" posX="285" posY="16" anchorX="8" anchorY="12" width="16" height="20"/>
  <instance name="instance165" index="6" posX="302" posY="12" anchorX="8" anchorY="12" width="16" height="20"/>
  <instance name="instance165" index="7" posX="319" posY="12" anchorX="8" anchorY="12" width="16" height="20"/>
  <instance name="GardenMushroom2Piece1_Sprite" index="0" posX="336" posY="12" anchorX="13.25" anchorY="15.8" width="19" height="17"/>
  <instance name="GardenFairy_Sprite" index="4" posX="356" posY="15" anchorX="9" anchorY="9" width="18" height="18"/>
  <instance name="SpellDamageShield_Sprite" index="0" posX="375" posY="15" anchorX="7" anchorY="17" width="15" height="22"/>
  <instance name="GardenLampPost2Piece3_Sprite" index="0" posX="391" posY="13" anchorX="7" anchorY="11.5" width="14" height="24"/>
  <instance name="CherubStatuePiece2_Sprite" index="0" posX="406" posY="9" anchorX="8.5" anchorY="8.5" width="20" height="17"/>
  <instance name="GardenPerson_Sprite" index="0" posX="427" posY="9" anchorX="9" anchorY="9" width="18" height="19"/>
  <instance name="SpellDamageShield_Sprite" index="1" posX="446" posY="16" anchorX="8" anchorY="16" width="17" height="21"/>
  <instance name="SpellDamageShield_Sprite" index="2" posX="464" posY="17" anchorX="8" anchorY="16" width="17" height="21"/>
  <instance name="GardenBranch1_Sprite" index="0" posX="0" posY="34" anchorX="0" anchorY="9.25" width="30" height="12"/>
  <instance name="GardenBranch6_Sprite" index="0" posX="31" posY="28" anchorX="30" anchorY="9.25" width="30" height="12"/>
  <instance name="SpellBounce_Sprite" index="0" posX="62" posY="31" anchorX="9.5" anchorY="9" width="19" height="19"/>
  <instance name="CherubStatuePiece1_Sprite" index="1" posX="82" posY="31" anchorX="14" anchorY="5.25" width="29" height="13"/>
  <instance name="SpellTimeBombExplosion_Sprite" index="0" posX="112" posY="29" anchorX="9" anchorY="12" width="18" height="21"/>
  <instance name="GardenBranch3_Sprite" index="0" posX="131" posY="42" anchorX="0" anchorY="8.65" width="32" height="12"/>
  <instance name="GardenTrunk1Piece1_Sprite" index="0" posX="164" posY="36" anchorX="12.25" anchorY="7.8" width="24" height="16"/>
  <instance name="GardenLampPost1Piece2_Sprite" index="0" posX="189" posY="36" anchorX="7.25" anchorY="14" width="14" height="28"/>
  <instance name="SpellPortal_Sprite" index="2" posX="204" posY="35" anchorX="7" anchorY="14" width="14" height="28"/>
  <instance name="CherubStatuePiece3_Sprite" index="0" posX="219" posY="35" anchorX="4.25" anchorY="19.75" width="10" height="40"/>
  <instance name="GardenTrunk2Piece1_Sprite" index="0" posX="230" posY="37" anchorX="12.9" anchorY="7.65" width="25" height="16"/>
  <instance name="SpellBoomerang_Sprite" index="0" posX="256" posY="37" anchorX="10.2" anchorY="10.2" width="20" height="20"/>
  <instance name="SpellShout_Sprite" index="0" posX="277" posY="37" anchorX="10.2" anchorY="10.2" width="20" height="20"/>
  <instance name="SpellPortal_Sprite" index="3" posX="298" posY="37" anchorX="7" anchorY="15" width="14" height="30"/>
  <instance name="SpellPortal_Sprite" index="4" posX="313" posY="33" anchorX="7" anchorY="15" width="14" height="30"/>
  <instance name="GardenLampPost1Piece1_Sprite" index="1" posX="328" posY="33" anchorX="8" anchorY="14.5" width="16" height="27"/>
  <instance name="SpellAxe_Sprite" index="0" posX="345" posY="34" anchorX="11" anchorY="10" width="22" height="20"/>
  <instance name="SpellTimeBombExplosion_Sprite" index="1" posX="368" posY="38" anchorX="10" anchorY="12" width="20" height="22"/>
  <instance name="GardenCornerL_Sprite" index="0" posX="389" posY="38" anchorX="0" anchorY="0" width="21" height="21"/>
  <instance name="SpellPortal_Sprite" index="5" posX="411" posY="27" anchorX="7" anchorY="16" width="14" height="32"/>
  <instance name="SpellTimeBomb_Sprite" index="1" posX="426" posY="29" anchorX="9" anchorY="16" width="18" height="25"/>
  <instance name="SpellTimeBomb_Sprite" index="0" posX="445" posY="38" anchorX="9" anchorY="17" width="18" height="26"/>
  <instance name="SpellTimeBomb_Sprite" index="2" posX="464" posY="39" anchorX="9" anchorY="17" width="18" height="26"/>
  <instance name="GardenVine2Piece1_Sprite" index="0" posX="483" posY="17" anchorX="8.05" anchorY="16.2" width="16" height="30"/>
  <instance name="GardenFairy_Sprite" index="5" posX="0" posY="47" anchorX="11" anchorY="11" width="22" height="22"/>
  <instance name="GardenBranch4_Sprite" index="0" posX="23" posY="47" anchorX="30.35" anchorY="12.65" width="31" height="16"/>
  <instance name="GardenBranch5_Sprite" index="0" posX="55" posY="51" anchorX="0.65" anchorY="12.65" width="31" height="16"/>
  <instance name="SpellTimeBombExplosion_Sprite" index="2" posX="87" posY="45" anchorX="11" anchorY="12" width="22" height="23"/>
  <instance name="GardenVinePiece1_Sprite" index="0" posX="110" posY="51" anchorX="8.55" anchorY="14.7" width="16" height="32"/>
  <instance name="SpellPortal_Sprite" index="6" posX="127" posY="55" anchorX="8" anchorY="16" width="16" height="32"/>
  <instance name="SpellPortal_Sprite" index="7" posX="144" posY="55" anchorX="8" anchorY="16" width="16" height="32"/>
  <instance name="SpellDualBlades_Sprite" index="0" posX="161" posY="55" anchorX="5.5" anchorY="11" width="27" height="19"/>
  <instance name="GardenUrn1Piece1_Sprite" index="0" posX="189" posY="65" anchorX="9.85" anchorY="18.25" width="20" height="26"/>
  <instance name="GardenUrn2Piece1_Sprite" index="0" posX="210" posY="76" anchorX="10.15" anchorY="18.35" width="24" height="22"/>
  <instance name="GardenCorner_Sprite" index="0" posX="235" posY="54" anchorX="0" anchorY="0" width="19" height="30"/>
  <instance name="SpellTimeBombExplosion_Sprite" index="3" posX="255" posY="58" anchorX="12" anchorY="13" width="24" height="25"/>
  <instance name="SpellNuke_Sprite" index="2" posX="280" posY="68" anchorX="12" anchorY="5" width="26" height="24"/>
  <instance name="SpellNuke_Sprite" index="3" posX="307" posY="68" anchorX="11" anchorY="6" width="27" height="24"/>
  <instance name="SpellTimeBombExplosion_Sprite" index="4" posX="335" posY="61" anchorX="12.899999999999999" anchorY="14.05" width="26" height="27"/>
  <instance name="DamageShieldIcon_Sprite" index="0" posX="362" posY="61" anchorX="11" anchorY="16" width="22" height="32"/>
  <instance name="SpellTimeBombExplosion_Sprite" index="5" posX="385" posY="61" anchorX="14" anchorY="15" width="28" height="29"/>
  <instance name="CherubStatuePiece5_Sprite" index="0" posX="414" posY="65" anchorX="14.75" anchorY="16.5" width="37" height="22"/>
  <instance name="GardenLampPost1Piece1_Sprite" index="0" posX="452" posY="66" anchorX="8" anchorY="39.5" width="16" height="52"/>
  <instance name="GardenLampPost2Piece1_Sprite" index="0" posX="469" posY="66" anchorX="7.5" anchorY="49.15" width="16" height="52"/>
  <instance name="NukeIcon_Sprite" index="0" posX="0" posY="70" anchorX="14.149999999999999" anchorY="19" width="26" height="32"/>
  <instance name="DaggerIcon_Sprite" index="0" posX="27" posY="68" anchorX="19" anchorY="11.1" width="38" height="22"/>
  <instance name="DisplacerIcon_Sprite" index="0" posX="66" posY="69" anchorX="0" anchorY="-6" width="40" height="22"/>
  <instance name="SpellNuke_Sprite" index="0" posX="107" posY="88" anchorX="16" anchorY="19" width="28" height="32"/>
  <instance name="SpellTimeBombExplosion_Sprite" index="6" posX="136" posY="88" anchorX="15" anchorY="16" width="30" height="31"/>
  <instance name="SpellNuke_Sprite" index="1" posX="167" posY="92" anchorX="15" anchorY="20" width="28" height="34"/>
  <instance name="DualBladesIcon_Sprite" index="0" posX="196" posY="99" anchorX="19" anchorY="13.3" width="38" height="26"/>
  <instance name="TimeBombIcon_Sprite" index="0" posX="235" posY="85" anchorX="13.3" anchorY="19" width="26" height="38"/>
  <instance name="TimeStopIcon_Sprite" index="0" posX="262" posY="93" anchorX="15.2" anchorY="19" width="30" height="38"/>
  <instance name="AxeIcon_Sprite" index="0" posX="293" posY="93" anchorX="19" anchorY="17" width="38" height="34"/>
  <instance name="BoomerangIcon_Sprite" index="0" posX="332" posY="94" anchorX="18" anchorY="18" width="36" height="36"/>
  <instance name="CloseIcon_Sprite" index="0" posX="369" posY="94" anchorX="19.3" anchorY="18.2" width="37" height="36"/>
  <instance name="BounceIcon_Sprite" index="0" posX="407" posY="91" anchorX="19" anchorY="19" width="38" height="38"/>
  <instance name="GardenBush1_Sprite" index="0" posX="0" posY="103" anchorX="34" anchorY="33" width="68" height="33"/>
  <instance name="SpellClose_Sprite" index="0" posX="69" posY="92" anchorX="11" anchorY="52.05" width="22" height="104"/>
  <instance name="GardenBush2_Sprite" index="0" posX="92" posY="121" anchorX="33.5" anchorY="35" width="67" height="35"/>
  <instance name="CherubStatuePiece1_Sprite" index="0" posX="160" posY="127" anchorX="16.9" anchorY="49.5" width="43" height="57"/>
  <instance name="GardenSanta_Sprite" index="0" posX="204" posY="132" anchorX="0" anchorY="0" width="102" height="26"/>
  <instance name="GardenFloatingRock5_Sprite" index="0" posX="307" posY="131" anchorX="25" anchorY="31.5" width="50" height="63"/>
  <instance name="GardenFloatingRock3_Sprite" index="0" posX="358" posY="131" anchorX="23.5" anchorY="37" width="47" height="74"/>
  <instance name="GardenFloatingRock4_Sprite" index="0" posX="406" posY="131" anchorX="24" anchorY="37.5" width="48" height="75"/>
  <instance name="GardenFloatingRock2_Sprite" index="0" posX="455" posY="119" anchorX="26" anchorY="31.5" width="52" height="74"/>
  <instance name="GardenBorder_Sprite" index="0" posX="0" posY="197" anchorX="0" anchorY="6" width="128" height="32"/>
  <instance name="GardenFloatingRock1_Sprite" index="0" posX="129" posY="185" anchorX="28" anchorY="38.5" width="56" height="77"/>
  <instance name="GardenPillar_Sprite" index="0" posX="186" posY="185" anchorX="0" anchorY="0" width="48" height="128"/>
  <instance name="GardenFountain_Sprite" index="0" posX="235" posY="195" anchorX="0" anchorY="0" width="115" height="68"/>
  <instance name="GardenFountain_Sprite" index="1" posX="351" posY="207" anchorX="0" anchorY="0" width="115" height="68"/>
  <instance name="GardenFountain_Sprite" index="2" posX="0" posY="230" anchorX="0" anchorY="0" width="115" height="68"/>
  <instance name="GardenFountain_Sprite" index="3" posX="116" posY="314" anchorX="0" anchorY="0" width="115" height="68"/>
  <instance name="GardenFountain_Sprite" index="4" posX="232" posY="314" anchorX="0" anchorY="0" width="115" height="68"/>
  <instance name="GardenFountain_Sprite" index="5" posX="348" posY="276" anchorX="0" anchorY="0" width="115" height="68"/>
  <instance name="GardenDoor_Sprite" index="0" posX="0" posY="299" anchorX="52" anchorY="96" width="104" height="96"/>
  <instance name="GardenDoorOpen_Sprite" index="0" posX="105" posY="383" anchorX="52" anchorY="96" width="104" height="96"/>
  <instance name="GardenFG_Sprite" index="0" posX="210" posY="383" anchorX="0" anchorY="0" width="128" height="128"/>
  <instance name="GardenBG_Sprite" index="0" posX="339" posY="383" anchorX="0.05" anchorY="0.05" width="128" height="128"/>
  <animation frame="1" name="GardenBorder_Sprite" index="0" duration="1" label=""/>
  <animation frame="1" name="GardenPillar_Sprite" index="0" duration="3" label=""/>
  <animation frame="1" name="GardenBranch1_Sprite" index="0" duration="1" label=""/>
  <animation frame="1" name="GardenBranch2_Sprite" index="0" duration="1" label=""/>
  <animation frame="1" name="GardenBranch3_Sprite" index="0" duration="2" label=""/>
  <animation frame="1" name="GardenBranch4_Sprite" index="0" duration="2" label=""/>
  <animation frame="1" name="GardenBranch5_Sprite" index="0" duration="1" label=""/>
  <animation frame="1" name="GardenBranch6_Sprite" index="0" duration="1" label=""/>
  <animation frame="1" name="GardenBranch7_Sprite" index="0" duration="1" label=""/>
  <animation frame="1" name="GardenLeaf1_Sprite" index="0" duration="1" label=""/>
  <animation frame="1" name="GardenLeaf2_Sprite" index="0" duration="2" label=""/>
  <animation frame="1" name="GardenFG_Sprite" index="0" duration="1" label=""/>
  <animation frame="1" name="GardenBG_Sprite" index="0" duration="1" label=""/>
  <animation frame="1" name="GardenCornerL_Sprite" index="0" duration="1" label=""/>
  <animation frame="1" name="GardenCorner_Sprite" index="0" duration="1" label=""/>
  <animation frame="1" name="CherubStatuePiece1_Sprite" index="0" duration="1" label="">
    <rectangle x="-14" y="-42" width="41" height="51" rotation="0" type="2"/>
  </animation>
  <animation frame="2" name="CherubStatuePiece1_Sprite" index="1" duration="1" label="">
    <rectangle x="-14" y="-42" width="41" height="51" rotation="0" type="2"/>
  </animation>
  <animation frame="1" name="CherubStatuePiece2_Sprite" index="0" duration="2" label=""/>
  <animation frame="1" name="CherubStatuePiece3_Sprite" index="0" duration="2" label=""/>
  <animation frame="1" name="CherubStatuePiece4_Sprite" index="0" duration="2" label=""/>
  <animation frame="1" name="CherubStatuePiece5_Sprite" index="0" duration="2" label=""/>
  <animation frame="1" name="GardenFountain_Sprite" index="0" duration="2" label=""/>
  <animation frame="3" name="GardenFountain_Sprite" index="1" duration="2" label=""/>
  <animation frame="5" name="GardenFountain_Sprite" index="2" duration="2" label=""/>
  <animation frame="7" name="GardenFountain_Sprite" index="3" duration="2" label=""/>
  <animation frame="9" name="GardenFountain_Sprite" index="4" duration="2" label=""/>
  <animation frame="11" name="GardenFountain_Sprite" index="5" duration="2" label=""/>
  <animation frame="1" name="GardenVinePiece1_Sprite" index="0" duration="1" label="">
    <rectangle x="-8" y="-14" width="16" height="32" rotation="0" type="2"/>
  </animation>
  <animation frame="2" name="GardenVinePiece1_Sprite" index="1" duration="1" label="">
    <rectangle x="-8" y="-14" width="16" height="32" rotation="0" type="2"/>
  </animation>
  <animation frame="1" name="GardenVinePiece2_Sprite" index="0" duration="30" label=""/>
  <animation frame="1" name="GardenVine2Piece1_Sprite" index="0" duration="1" label="">
    <rectangle x="-7" y="-15" width="15" height="30" rotation="0" type="2"/>
  </animation>
  <animation frame="2" name="GardenVine2Piece1_Sprite" index="1" duration="33" label="">
    <rectangle x="-7" y="-15" width="15" height="30" rotation="0" type="2"/>
  </animation>
  <animation frame="1" name="GardenFloatingRock1_Sprite" index="0" duration="1" label=""/>
  <animation frame="1" name="GardenFloatingRock2_Sprite" index="0" duration="1" label=""/>
  <animation frame="1" name="GardenLampPost1Piece1_Sprite" index="0" duration="1" label="">
    <rectangle x="-7" y="-38" width="14" height="52" rotation="0" type="2"/>
  </animation>
  <animation frame="2" name="GardenLampPost1Piece1_Sprite" index="1" duration="1" label="">
    <rectangle x="-7" y="-38" width="14" height="52" rotation="0" type="2"/>
  </animation>
  <animation frame="1" name="GardenLampPost1Piece2_Sprite" index="0" duration="2" label=""/>
  <animation frame="1" name="GardenLampPost2Piece1_Sprite" index="0" duration="1" label="">
    <rectangle x="-6" y="-48" width="15" height="52" rotation="0" type="2"/>
  </animation>
  <animation frame="2" name="GardenLampPost2Piece1_Sprite" index="1" duration="1" label="">
    <rectangle x="-6" y="-48" width="15" height="52" rotation="0" type="2"/>
  </animation>
  <animation frame="1" name="GardenLampPost2Piece2_Sprite" index="0" duration="2" label=""/>
  <animation frame="1" name="GardenLampPost2Piece3_Sprite" index="0" duration="2" label=""/>
  <animation frame="1" name="GardenBush1_Sprite" index="0" duration="1" label=""/>
  <animation frame="1" name="GardenBush2_Sprite" index="0" duration="1" label=""/>
  <animation frame="1" name="GardenMushroom1Piece1_Sprite" index="0" duration="1" label="">
    <rectangle x="-8" y="-13" width="16" height="17" rotation="0" type="2"/>
    <rectangle x="-8" y="-12" width="16" height="16" rotation="0" type="0"/>
  </animation>
  <animation frame="2" name="GardenMushroom1Piece1_Sprite" index="1" duration="1" label="">
    <rectangle x="-8" y="-13" width="16" height="17" rotation="0" type="2"/>
    <rectangle x="-8" y="-12" width="16" height="16" rotation="0" type="0"/>
  </animation>
  <animation frame="1" name="GardenMushroom1Piece2_Sprite" index="0" duration="2" label=""/>
  <animation frame="1" name="GardenMushroom1Piece3_Sprite" index="0" duration="2" label=""/>
  <animation frame="1" name="GardenMushroom2Piece1_Sprite" index="0" duration="1" label="">
    <rectangle x="-12" y="-15" width="18" height="17" rotation="0" type="2"/>
    <rectangle x="-12" y="-15" width="18" height="17" rotation="0" type="0"/>
  </animation>
  <animation frame="2" name="GardenMushroom2Piece1_Sprite" index="1" duration="1" label="">
    <rectangle x="-12" y="-15" width="18" height="17" rotation="0" type="2"/>
    <rectangle x="-12" y="-15" width="18" height="17" rotation="0" type="0"/>
  </animation>
  <animation frame="1" name="GardenMushroom2Piece2_Sprite" index="0" duration="2" label=""/>
  <animation frame="1" name="GardenMushroom2Piece3_Sprite" index="0" duration="2" label=""/>
  <animation frame="1" name="GardenTrunk1Piece1_Sprite" index="0" duration="1" label="">
    <rectangle x="-12" y="-7" width="24" height="16" rotation="0" type="2"/>
  </animation>
  <animation frame="2" name="GardenTrunk1Piece1_Sprite" index="1" duration="1" label="">
    <rectangle x="-12" y="-7" width="24" height="16" rotation="0" type="2"/>
  </animation>
  <animation frame="1" name="GardenTrunkPiece_Sprite" index="0" duration="18" label=""/>
  <animation frame="1" name="GardenTrunk2Piece1_Sprite" index="0" duration="1" label="">
    <rectangle x="-12" y="-6" width="25" height="14" rotation="0" type="2"/>
  </animation>
  <animation frame="2" name="GardenTrunk2Piece1_Sprite" index="1" duration="21" label="">
    <rectangle x="-12" y="-6" width="25" height="14" rotation="0" type="2"/>
  </animation>
  <animation frame="1" name="GardenUrn1Piece1_Sprite" index="0" duration="1" label="">
    <rectangle x="-9" y="-17" width="20" height="26" rotation="0" type="2"/>
    <rectangle x="-9" y="-17" width="20" height="26" rotation="0" type="0"/>
  </animation>
  <animation frame="2" name="GardenUrn1Piece1_Sprite" index="1" duration="1" label="">
    <rectangle x="-9" y="-17" width="20" height="26" rotation="0" type="2"/>
    <rectangle x="-9" y="-17" width="20" height="26" rotation="0" type="0"/>
  </animation>
  <animation frame="1" name="GardenUrn1Piece2_Sprite" index="0" duration="2" label=""/>
  <animation frame="1" name="GardenUrn2Piece1_Sprite" index="0" duration="1" label="">
    <rectangle x="-9" y="-18" width="24" height="22" rotation="0" type="2"/>
    <rectangle x="-9" y="-17" width="24" height="22" rotation="0" type="0"/>
  </animation>
  <animation frame="2" name="GardenUrn2Piece1_Sprite" index="1" duration="1" label="">
    <rectangle x="-9" y="-18" width="24" height="22" rotation="0" type="2"/>
    <rectangle x="-9" y="-17" width="24" height="22" rotation="0" type="0"/>
  </animation>
  <animation frame="1" name="GardenUrn2Piece2_Sprite" index="0" duration="2" label=""/>
  <animation frame="1" name="GardenUrn2Piece3_Sprite" index="0" duration="2" label=""/>
  <animation frame="1" name="GardenFairy_Sprite" index="0" duration="1" label=""/>
  <animation frame="2" name="GardenFairy_Sprite" index="1" duration="1" label=""/>
  <animation frame="3" name="GardenFairy_Sprite" index="2" duration="1" label=""/>
  <animation frame="4" name="GardenFairy_Sprite" index="3" duration="1" label=""/>
  <animation frame="5" name="GardenFairy_Sprite" index="4" duration="1" label=""/>
  <animation frame="6" name="GardenFairy_Sprite" index="5" duration="1" label=""/>
  <animation frame="1" name="GardenFloatingRock3_Sprite" index="0" duration="1" label=""/>
  <animation frame="1" name="GardenFloatingRock4_Sprite" index="0" duration="1" label=""/>
  <animation frame="1" name="GardenFloatingRock5_Sprite" index="0" duration="1" label=""/>
  <animation frame="1" name="GardenBat_Sprite" index="0" duration="2" label=""/>
  <animation frame="3" name="GardenBat_Sprite" index="1" duration="2" label=""/>
  <animation frame="5" name="GardenBat_Sprite" index="2" duration="2" label=""/>
  <animation frame="7" name="GardenBat_Sprite" index="3" duration="2" label=""/>
  <animation frame="1" name="GardenPerson_Sprite" index="0" duration="1" label=""/>
  <animation frame="1" name="GardenSanta_Sprite" index="0" duration="1" label=""/>
  <animation frame="1" name="GardenCrow_Sprite" index="0" duration="1" label=""/>
  <animation frame="2" name="GardenCrow_Sprite" index="1" duration="1" label=""/>
  <animation frame="3" name="GardenCrow_Sprite" index="2" duration="1" label=""/>
  <animation frame="4" name="GardenCrow_Sprite" index="3" duration="1" label=""/>
  <animation frame="1" name="GardenDoor_Sprite" index="0" duration="1" label=""/>
  <animation frame="1" name="GardenDoorOpen_Sprite" index="0" duration="1" label=""/>
  <animation frame="1" name="SpellPortal_Sprite" index="0" duration="1" label=""/>
  <animation frame="2" name="SpellPortal_Sprite" index="1" duration="1" label=""/>
  <animation frame="3" name="SpellPortal_Sprite" index="2" duration="1" label=""/>
  <animation frame="4" name="SpellPortal_Sprite" index="3" duration="1" label=""/>
  <animation frame="5" name="SpellPortal_Sprite" index="4" duration="1" label=""/>
  <animation frame="6" name="SpellPortal_Sprite" index="5" duration="1" label=""/>
  <animation frame="7" name="SpellPortal_Sprite" index="6" duration="1" label=""/>
  <animation frame="8" name="SpellPortal_Sprite" index="7" duration="1" label=""/>
  <animation frame="1" name="SpellAxe_Sprite" index="0" duration="1" label="">
    <rectangle x="-9" y="-10" width="19" height="20" rotation="0" type="1"/>
  </animation>
  <animation frame="1" name="SpellBoomerang_Sprite" index="0" duration="1" label="">
    <rectangle x="-10" y="-10" width="20" height="20" rotation="0" type="1"/>
  </animation>
  <animation frame="1" name="SpellBounce_Sprite" index="0" duration="1" label="">
    <rectangle x="-6" y="-7" width="13" height="14" rotation="0" type="1"/>
  </animation>
  <animation frame="1" name="SpellClose_Sprite" index="0" duration="1" label="">
    <rectangle x="-7" y="-52" width="16" height="105" rotation="0" type="1"/>
  </animation>
  <animation frame="1" name="SpellDagger_Sprite" index="0" duration="1" label="">
    <rectangle x="-10" y="-2" width="21" height="5" rotation="0" type="1"/>
  </animation>
  <animation frame="1" name="SpellDamageShield_Sprite" index="0" duration="1" label="">
    <rectangle x="-6" y="-7" width="15" height="11" rotation="0" type="1"/>
  </animation>
  <animation frame="2" name="SpellDamageShield_Sprite" index="1" duration="1" label="">
    <rectangle x="-6" y="-7" width="15" height="11" rotation="0" type="1"/>
  </animation>
  <animation frame="3" name="SpellDamageShield_Sprite" index="2" duration="1" label="">
    <rectangle x="-6" y="-7" width="15" height="11" rotation="0" type="1"/>
  </animation>
  <animation frame="4" name="SpellDamageShield_Sprite" index="3" duration="1" label="">
    <rectangle x="-6" y="-7" width="15" height="11" rotation="0" type="1"/>
  </animation>
  <animation frame="1" name="SpellDualBlades_Sprite" index="0" duration="1" label="">
    <rectangle x="-4" y="-10" width="26" height="8" rotation="0" type="1"/>
    <rectangle x="-5" y="-11" width="10" height="20" rotation="0" type="1"/>
  </animation>
  <animation frame="1" name="instance165" index="0" duration="1" label=""/>
  <animation frame="2" name="instance165" index="1" duration="1" label=""/>
  <animation frame="3" name="instance165" index="2" duration="1" label=""/>
  <animation frame="4" name="instance165" index="3" duration="1" label=""/>
  <animation frame="5" name="instance165" index="4" duration="1" label=""/>
  <animation frame="6" name="instance165" index="5" duration="1" label=""/>
  <animation frame="7" name="instance165" index="6" duration="1" label=""/>
  <animation frame="8" name="instance165" index="7" duration="1" label=""/>
  <animation frame="9" name="instance165" index="8" duration="1" label=""/>
  <animation frame="10" name="instance165" index="9" duration="1" label=""/>
  <animation frame="1" name="SpellDisplacer_Sprite" index="0" duration="1" label="">
    <rectangle x="-8" y="-6" width="19" height="12" rotation="0" type="0"/>
  </animation>
  <animation frame="2" name="SpellDisplacer_Sprite" index="1" duration="1" label="">
    <rectangle x="-8" y="-6" width="19" height="12" rotation="0" type="0"/>
  </animation>
  <animation frame="3" name="SpellDisplacer_Sprite" index="2" duration="1" label="">
    <rectangle x="-8" y="-6" width="19" height="12" rotation="0" type="0"/>
  </animation>
  <animation frame="4" name="SpellDisplacer_Sprite" index="3" duration="1" label="">
    <rectangle x="-8" y="-6" width="19" height="12" rotation="0" type="0"/>
  </animation>
  <animation frame="1" name="SpellTimeBomb_Sprite" index="0" duration="1" label="">
    <rectangle x="-8" y="-8" width="18" height="17" rotation="0" type="0"/>
  </animation>
  <animation frame="2" name="SpellTimeBomb_Sprite" index="1" duration="1" label="">
    <rectangle x="-8" y="-8" width="18" height="17" rotation="0" type="0"/>
  </animation>
  <animation frame="3" name="SpellTimeBomb_Sprite" index="2" duration="1" label="">
    <rectangle x="-8" y="-8" width="18" height="17" rotation="0" type="0"/>
  </animation>
  <animation frame="1" name="SpellTimeBombExplosion_Sprite" index="0" duration="1" label=""/>
  <animation frame="2" name="SpellTimeBombExplosion_Sprite" index="1" duration="1" label=""/>
  <animation frame="3" name="SpellTimeBombExplosion_Sprite" index="2" duration="1" label=""/>
  <animation frame="4" name="SpellTimeBombExplosion_Sprite" index="3" duration="1" label=""/>
  <animation frame="5" name="SpellTimeBombExplosion_Sprite" index="4" duration="1" label="">
    <rectangle x="-19" y="-20" width="39" height="40" rotation="0" type="1"/>
  </animation>
  <animation frame="6" name="SpellTimeBombExplosion_Sprite" index="5" duration="1" label=""/>
  <animation frame="7" name="SpellTimeBombExplosion_Sprite" index="6" duration="1" label=""/>
  <animation frame="8" name="SpellTimeBombExplosion_Sprite" index="7" duration="1" label=""/>
  <animation frame="1" name="AxeIcon_Sprite" index="0" duration="1" label=""/>
  <animation frame="1" name="BoomerangIcon_Sprite" index="0" duration="1" label=""/>
  <animation frame="1" name="BounceIcon_Sprite" index="0" duration="1" label=""/>
  <animation frame="1" name="CloseIcon_Sprite" index="0" duration="1" label=""/>
  <animation frame="1" name="DaggerIcon_Sprite" index="0" duration="1" label=""/>
  <animation frame="1" name="DamageShieldIcon_Sprite" index="0" duration="1" label=""/>
  <animation frame="1" name="DisplacerIcon_Sprite" index="0" duration="1" label=""/>
  <animation frame="1" name="DualBladesIcon_Sprite" index="0" duration="1" label=""/>
  <animation frame="1" name="TimeBombIcon_Sprite" index="0" duration="1" label=""/>
  <animation frame="1" name="TimeStopIcon_Sprite" index="0" duration="1" label=""/>
  <animation frame="1" name="SpellNuke_Sprite" index="0" duration="1" label="">
    <rectangle x="-14" y="-13" width="27" height="27" rotation="0" type="1"/>
  </animation>
  <animation frame="2" name="SpellNuke_Sprite" index="1" duration="1" label="">
    <rectangle x="-14" y="-13" width="27" height="27" rotation="0" type="1"/>
  </animation>
  <animation frame="3" name="SpellNuke_Sprite" index="2" duration="1" label="">
    <rectangle x="-14" y="-13" width="27" height="27" rotation="0" type="1"/>
  </animation>
  <animation frame="4" name="SpellNuke_Sprite" index="3" duration="1" label="">
    <rectangle x="-14" y="-13" width="27" height="27" rotation="0" type="1"/>
  </animation>
  <animation frame="1" name="CrowFeather_Sprite" index="0" duration="1" label=""/>
  <animation frame="1" name="SpellShout_Sprite" index="0" duration="1" label="">
    <rectangle x="-8" y="-9" width="19" height="20" rotation="0" type="2"/>
    <rectangle x="-10" y="-10" width="20" height="20" rotation="0" type="1"/>
  </animation>
  <animation frame="1" name="NukeIcon_Sprite" index="0" duration="1" label=""/>
  <container name="GardenPillar_Character" child="GardenPillar_Sprite" childX="-24" childY="0" childRotation="0"/>
  <container name="GardenPillar_Character" child="GardenPillar_Sprite" childX="-24" childY="120" childRotation="0"/>
  <container name="GardenPillar_Character" child="GardenPillar_Sprite" childX="-24" childY="240" childRotation="0"/>
  <container name="GardenPillar_Character" child="GardenBranch1_Sprite" childX="17.35" childY="29.1" childRotation="0"/>
  <container name="GardenPillar_Character" child="GardenBranch2_Sprite" childX="22.35" childY="158.85" childRotation="0"/>
  <container name="GardenPillar_Character" child="GardenBranch3_Sprite" childX="13.85" childY="80" childRotation="0"/>
  <container name="GardenPillar_Character" child="GardenBranch3_Sprite" childX="20.35" childY="337.5" childRotation="0"/>
  <container name="GardenPillar_Character" child="GardenBranch4_Sprite" childX="-18.3" childY="257" childRotation="180"/>
  <container name="GardenPillar_Character" child="GardenBranch4_Sprite" childX="1.2" childY="54" childRotation="180"/>
  <container name="GardenPillar_Character" child="GardenBranch5_Sprite" childX="13.5" childY="211" childRotation="0"/>
  <container name="GardenPillar_Character" child="GardenBranch6_Sprite" childX="-17.65" childY="306.5" childRotation="180"/>
  <container name="GardenPillar_Character" child="GardenBranch7_Sprite" childX="-3.8" childY="125.25" childRotation="180"/>
  <container name="GardenPillar_Character" child="GardenLeaf1_Sprite" childX="-27.75" childY="123.5" childRotation="0"/>
  <container name="GardenPillar_Character" child="GardenLeaf2_Sprite" childX="-21" childY="121.5" childRotation="0"/>
  <container name="GardenPillar_Character" child="GardenLeaf1_Sprite" childX="-20.9" childY="129.9" childRotation="0"/>
  <container name="CherubStatue_Character" child="CherubStatuePiece1_Sprite" childX="0.75" childY="-9.75" childRotation="0"/>
  <container name="CherubStatue_Character" child="CherubStatuePiece2_Sprite" childX="2.1" childY="-45.5" childRotation="0"/>
  <container name="CherubStatue_Character" child="CherubStatuePiece3_Sprite" childX="-12.15" childY="-40.25" childRotation="0"/>
  <container name="CherubStatue_Character" child="CherubStatuePiece4_Sprite" childX="4.35" childY="-25.25" childRotation="0"/>
  <container name="CherubStatue_Character" child="CherubStatuePiece5_Sprite" childX="4.35" childY="-33" childRotation="0"/>
  <container name="GardenFountain_Character" child="GardenFountain_Sprite" childX="-57.50007629394531" childY="-68.02825927734375" childRotation="0"/>
  <container name="GardenVine1_Character" child="GardenVinePiece1_Sprite" childX="0.5" childY="16.4" childRotation="0"/>
  <container name="GardenVine1_Character" child="GardenVinePiece2_Sprite" childX="-4.6" childY="5.65" childRotation="0"/>
  <container name="GardenVine1_Character" child="GardenVinePiece2_Sprite" childX="2.05" childY="5.05" childRotation="0"/>
  <container name="GardenVine1_Character" child="GardenVinePiece2_Sprite" childX="8.05" childY="5.3" childRotation="0"/>
  <container name="GardenVine1_Character" child="GardenVinePiece2_Sprite" childX="-3.7" childY="10.65" childRotation="0"/>
  <container name="GardenVine1_Character" child="GardenVinePiece2_Sprite" childX="1.8" childY="10.3" childRotation="0"/>
  <container name="GardenVine1_Character" child="GardenVinePiece2_Sprite" childX="7.05" childY="10.3" childRotation="0"/>
  <container name="GardenVine1_Character" child="GardenVinePiece2_Sprite" childX="-3.95" childY="15.3" childRotation="0"/>
  <container name="GardenVine1_Character" child="GardenVinePiece2_Sprite" childX="1.4" childY="15.3" childRotation="0"/>
  <container name="GardenVine1_Character" child="GardenVinePiece2_Sprite" childX="7.05" childY="14.9" childRotation="0"/>
  <container name="GardenVine1_Character" child="GardenVinePiece2_Sprite" childX="-3.7" childY="20.3" childRotation="0"/>
  <container name="GardenVine1_Character" child="GardenVinePiece2_Sprite" childX="1.8" childY="19.9" childRotation="0"/>
  <container name="GardenVine1_Character" child="GardenVinePiece2_Sprite" childX="7.8" childY="20.3" childRotation="0"/>
  <container name="GardenVine1_Character" child="GardenVinePiece2_Sprite" childX="-2.35" childY="25.55" childRotation="0"/>
  <container name="GardenVine1_Character" child="GardenVinePiece2_Sprite" childX="3.05" childY="24.95" childRotation="0"/>
  <container name="GardenVine1_Character" child="GardenVinePiece2_Sprite" childX="1.05" childY="30.55" childRotation="0"/>
  <container name="GardenVine2_Character" child="GardenVine2Piece1_Sprite" childX="0.5" childY="17.9" childRotation="0"/>
  <container name="GardenVine2_Character" child="GardenVinePiece2_Sprite" childX="-4.65" childY="4.9" childRotation="0"/>
  <container name="GardenVine2_Character" child="GardenVinePiece2_Sprite" childX="1" childY="4.75" childRotation="0"/>
  <container name="GardenVine2_Character" child="GardenVinePiece2_Sprite" childX="5.7" childY="4.75" childRotation="0"/>
  <container name="GardenVine2_Character" child="GardenVinePiece2_Sprite" childX="-4.4" childY="9.9" childRotation="0"/>
  <container name="GardenVine2_Character" child="GardenVinePiece2_Sprite" childX="1.15" childY="9.5" childRotation="0"/>
  <container name="GardenVine2_Character" child="GardenVinePiece2_Sprite" childX="5.9" childY="9.5" childRotation="0"/>
  <container name="GardenVine2_Character" child="GardenVinePiece2_Sprite" childX="-4.65" childY="14.5" childRotation="0"/>
  <container name="GardenVine2_Character" child="GardenVinePiece2_Sprite" childX="0.7" childY="14.35" childRotation="0"/>
  <container name="GardenVine2_Character" child="GardenVinePiece2_Sprite" childX="5.9" childY="14.15" childRotation="0"/>
  <container name="GardenVine2_Character" child="GardenVinePiece2_Sprite" childX="-4.85" childY="19.35" childRotation="0"/>
  <container name="GardenVine2_Character" child="GardenVinePiece2_Sprite" childX="0.45" childY="18.75" childRotation="0"/>
  <container name="GardenVine2_Character" child="GardenVinePiece2_Sprite" childX="5.35" childY="18.75" childRotation="0"/>
  <container name="GardenVine2_Character" child="GardenVinePiece2_Sprite" childX="-5.15" childY="23.85" childRotation="0"/>
  <container name="GardenVine2_Character" child="GardenVinePiece2_Sprite" childX="0.85" childY="23.3" childRotation="0"/>
  <container name="GardenVine2_Character" child="GardenVinePiece2_Sprite" childX="5.6" childY="23.4" childRotation="0"/>
  <container name="GardenVine2_Character" child="GardenVinePiece2_Sprite" childX="1.25" childY="28.55" childRotation="0"/>
  <container name="GardenLampPost1_Character" child="GardenLampPost1Piece1_Sprite" childX="-0.15" childY="-14.5" childRotation="0"/>
  <container name="GardenLampPost1_Character" child="GardenLampPost1Piece2_Sprite" childX="0.1" childY="-39.5" childRotation="0"/>
  <container name="GardenLampPost2_Character" child="GardenLampPost2Piece1_Sprite" childX="-0.65" childY="-4" childRotation="0"/>
  <container name="GardenLampPost2_Character" child="GardenLampPost2Piece2_Sprite" childX="-0.15" childY="-19" childRotation="0"/>
  <container name="GardenLampPost2_Character" child="GardenLampPost2Piece3_Sprite" childX="-0.15" childY="-41.5" childRotation="0"/>
  <container name="GardenMushroom1_Character" child="GardenMushroom1Piece1_Sprite" childX="0.1" childY="-5.5" childRotation="0"/>
  <container name="GardenMushroom1_Character" child="GardenMushroom1Piece2_Sprite" childX="3" childY="-12.8" childRotation="0"/>
  <container name="GardenMushroom1_Character" child="GardenMushroom1Piece3_Sprite" childX="-3.5" childY="-13.4" childRotation="0"/>
  <container name="GardenMushroom2_Character" child="GardenMushroom2Piece1_Sprite" childX="1.85" childY="-3.35" childRotation="0"/>
  <container name="GardenMushroom2_Character" child="GardenMushroom2Piece2_Sprite" childX="-5.15" childY="-14.6" childRotation="0"/>
  <container name="GardenMushroom2_Character" child="GardenMushroom2Piece3_Sprite" childX="1.6" childY="-10.6" childRotation="0"/>
  <container name="GardenTrunk1_Character" child="GardenTrunk1Piece1_Sprite" childX="-0.25" childY="-10.35" childRotation="0"/>
  <container name="GardenTrunk1_Character" child="GardenTrunkPiece_Sprite" childX="-8.5" childY="-11.6" childRotation="0"/>
  <container name="GardenTrunk1_Character" child="GardenTrunkPiece_Sprite" childX="-4.5" childY="-11.15" childRotation="0"/>
  <container name="GardenTrunk1_Character" child="GardenTrunkPiece_Sprite" childX="0.05" childY="-12.15" childRotation="0"/>
  <container name="GardenTrunk1_Character" child="GardenTrunkPiece_Sprite" childX="5.4" childY="-11.6" childRotation="0"/>
  <container name="GardenTrunk1_Character" child="GardenTrunkPiece_Sprite" childX="8.95" childY="-8.55" childRotation="0"/>
  <container name="GardenTrunk1_Character" child="GardenTrunkPiece_Sprite" childX="-3.05" childY="-6.9" childRotation="0"/>
  <container name="GardenTrunk1_Character" child="GardenTrunkPiece_Sprite" childX="0.95" childY="-6.25" childRotation="0"/>
  <container name="GardenTrunk1_Character" child="GardenTrunkPiece_Sprite" childX="4.4" childY="-7.65" childRotation="0"/>
  <container name="GardenTrunk1_Character" child="GardenTrunkPiece_Sprite" childX="-7.95" childY="-4.9" childRotation="0"/>
  <container name="GardenTrunk2_Character" child="GardenTrunk2Piece1_Sprite" childX="-0.2" childY="-10.35" childRotation="0"/>
  <container name="GardenTrunk2_Character" child="GardenTrunkPiece_Sprite" childX="-9.65" childY="-11.95" childRotation="0"/>
  <container name="GardenTrunk2_Character" child="GardenTrunkPiece_Sprite" childX="-4.35" childY="-11.95" childRotation="0"/>
  <container name="GardenTrunk2_Character" child="GardenTrunkPiece_Sprite" childX="-0.7" childY="-12.65" childRotation="0"/>
  <container name="GardenTrunk2_Character" child="GardenTrunkPiece_Sprite" childX="3.3" childY="-11.25" childRotation="0"/>
  <container name="GardenTrunk2_Character" child="GardenTrunkPiece_Sprite" childX="8.2" childY="-11.95" childRotation="0"/>
  <container name="GardenTrunk2_Character" child="GardenTrunkPiece_Sprite" childX="-8.35" childY="-6.5" childRotation="0"/>
  <container name="GardenTrunk2_Character" child="GardenTrunkPiece_Sprite" childX="-4.7" childY="-6.75" childRotation="0"/>
  <container name="GardenTrunk2_Character" child="GardenTrunkPiece_Sprite" childX="-0.35" childY="-6.5" childRotation="0"/>
  <container name="GardenTrunk2_Character" child="GardenTrunkPiece_Sprite" childX="3.65" childY="-6.5" childRotation="0"/>
  <container name="GardenTrunk2_Character" child="GardenTrunkPiece_Sprite" childX="7.65" childY="-6.75" childRotation="0"/>
  <container name="GardenUrn1_Character" child="GardenUrn1Piece1_Sprite" childX="-0.15" childY="-9.5" childRotation="0"/>
  <container name="GardenUrn1_Character" child="GardenUrn1Piece2_Sprite" childX="-9.4" childY="-28" childRotation="0"/>
  <container name="GardenUrn2_Character" child="GardenUrn2Piece1_Sprite" childX="-2" childY="-5.25" childRotation="0"/>
  <container name="GardenUrn2_Character" child="GardenUrn2Piece2_Sprite" childX="2.75" childY="-13.25" childRotation="0"/>
  <container name="GardenUrn2_Character" child="GardenUrn2Piece3_Sprite" childX="-3.25" childY="-17.5" childRotation="0"/>
  <container name="GardenFairy_Character" child="GardenFairy_Sprite" childX="0" childY="0" childRotation="0"/>
</xml>